timestamp,total_score,base_score,bonus,interaction_bonus,bias,spot_ltp,market_regime,dte,reason
2026-08-06 11:20:56,48,40,0,8,CALL,24666.6,LOW_VOLATILITY,5,Rejected
2026-08-07 14:14:49,43,20,0,8,PUT,24528.5,LOW_VOLATILITY,4,Rejected
2026-08-31 10:16:41,25,25,0,0,NEUTRAL,24017.3,LOW_VOLATILITY,1,Rejected
2026-08-31 10:17:43,25,25,0,0,NEUTRAL,24016.9,LOW_VOLATILITY,1,Rejected
2026-08-31 10:18:43,25,25,0,0,NEUTRAL,24014.85,LOW_VOLATILITY,1,Rejected
2026-08-31 10:19:43,25,25,0,0,NEUTRAL,24011.75,LOW_VOLATILITY,1,Rejected
2026-08-31 10:20:43,25,25,0,0,NEUTRAL,24009.35,LOW_VOLATILITY,1,Rejected
2026-08-31 10:21:43,35,40,0,0,PUT,24010.95,LOW_VOLATILITY,1,Rejected
2026-08-31 10:22:44,45,50,0,0,PUT,24013.45,LOW_VOLATILITY,1,Rejected
2026-08-31 10:23:44,45,50,0,0,PUT,24010.6,LOW_VOLATILITY,1,Rejected
2026-08-31 10:24:45,35,40,0,0,PUT,24007.7,LOW_VOLATILITY,1,Rejected
2026-08-31 10:25:45,35,40,0,0,PUT,24008.95,LOW_VOLATILITY,1,Rejected
2026-08-31 10:26:45,50,50,0,0,PUT,24021.3,LOW_VOLATILITY,1,Rejected
2026-08-31 10:27:45,50,50,0,0,PUT,24023.05,LOW_VOLATILITY,1,Rejected
2026-08-31 10:28:46,50,50,0,0,CALL,24032.7,LOW_VOLATILITY,1,Rejected
2026-08-31 10:29:46,50,50,0,0,CALL,24028.1,LOW_VOLATILITY,1,Rejected
2026-08-31 10:30:46,40,40,0,0,CALL,24029,LOW_VOLATILITY,1,Rejected
2026-08-31 10:31:46,40,40,0,0,CALL,24026.3,LOW_VOLATILITY,1,Rejected
2026-08-31 10:32:46,40,40,0,0,PUT,24023.6,LOW_VOLATILITY,1,Rejected
2026-08-31 10:33:47,35,40,0,0,PUT,24014.1,LOW_VOLATILITY,1,Rejected
2026-08-31 10:34:47,35,40,0,0,PUT,24009.25,LOW_VOLATILITY,1,Rejected
2026-08-31 10:35:47,35,40,0,0,PUT,24009.95,LOW_VOLATILITY,1,Rejected
2026-08-31 10:36:47,35,40,0,0,PUT,24007.35,LOW_VOLATILITY,1,Rejected
2026-08-31 10:37:47,50,40,0,0,PUT,24000.7,LOW_VOLATILITY,1,Rejected
2026-08-31 10:38:48,55,40,0,0,PUT,23999.75,LOW_VOLATILITY,1,Rejected
2026-08-31 10:39:48,55,40,0,5,PUT,24001.35,LOW_VOLATILITY,1,Rejected
2026-08-31 10:40:48,55,40,0,0,PUT,23999.05,LOW_VOLATILITY,1,Rejected
2026-08-31 10:41:48,55,40,0,0,PUT,24000,LOW_VOLATILITY,1,Rejected
2026-08-31 10:42:48,50,40,0,0,PUT,24002.9,LOW_VOLATILITY,1,Rejected
2026-08-31 10:43:49,35,40,0,0,PUT,24009.6,LOW_VOLATILITY,1,Rejected
2026-08-31 10:44:49,45,50,0,0,PUT,24011.2,LOW_VOLATILITY,1,Rejected
2026-08-31 10:45:49,45,50,0,0,PUT,24012.3,LOW_VOLATILITY,1,Rejected
2026-08-31 10:46:49,35,40,0,0,PUT,24008.5,LOW_VOLATILITY,1,Rejected
2026-08-31 10:47:49,35,40,0,0,PUT,24005.05,LOW_VOLATILITY,1,Rejected
2026-08-31 10:48:50,35,40,0,0,PUT,24007.95,LOW_VOLATILITY,1,Rejected
2026-08-31 10:49:50,35,40,0,0,PUT,24008.75,LOW_VOLATILITY,1,Rejected
2026-08-31 10:50:50,35,40,0,0,PUT,24003.2,LOW_VOLATILITY,1,Rejected
2026-08-31 10:51:50,55,40,0,0,PUT,23998.5,LOW_VOLATILITY,1,Rejected
2026-08-31 10:52:50,60,50,0,0,PUT,24002.7,LOW_VOLATILITY,1,Accepted
2026-08-31 10:53:51,60,50,0,0,PUT,24003.9,LOW_VOLATILITY,1,Accepted
2026-08-31 10:53:52,60,50,0,0,PUT,24004.1,LOW_VOLATILITY,1,Accepted
2026-08-31 10:53:53,60,50,0,0,PUT,24004.65,LOW_VOLATILITY,1,Accepted
2026-08-31 10:53:55,60,50,0,0,PUT,24006.7,LOW_VOLATILITY,1,Accepted
2026-08-31 10:53:56,60,50,0,0,PUT,24005.55,LOW_VOLATILITY,1,Accepted
2026-08-31 10:53:58,60,50,0,0,PUT,24006.6,LOW_VOLATILITY,1,Accepted
2026-08-31 10:53:59,60,50,0,0,PUT,24007.15,LOW_VOLATILITY,1,Accepted
2026-08-31 10:54:00,60,50,0,0,PUT,24006.55,LOW_VOLATILITY,1,Accepted
2026-08-31 10:54:01,60,50,0,0,PUT,24006.6,LOW_VOLATILITY,1,Accepted
2026-08-31 10:54:02,60,50,0,0,PUT,24006.9,LOW_VOLATILITY,1,Accepted
2026-08-31 10:54:03,60,50,0,0,PUT,24007.05,LOW_VOLATILITY,1,Accepted
2026-08-31 10:54:05,60,50,0,0,PUT,24007.8,LOW_VOLATILITY,1,Accepted
2026-08-31 10:54:06,60,50,0,0,PUT,24008.8,LOW_VOLATILITY,1,Accepted
2026-08-31 10:54:07,60,50,0,0,PUT,24008,LOW_VOLATILITY,1,Accepted
2026-08-31 10:54:08,60,50,0,0,PUT,24007.85,LOW_VOLATILITY,1,Accepted
2026-08-31 10:54:09,60,50,0,0,PUT,24008.4,LOW_VOLATILITY,1,Accepted
2026-08-31 10:54:11,60,50,0,0,PUT,24007.55,LOW_VOLATILITY,1,Accepted
2026-08-31 10:54:13,60,50,0,0,PUT,24008.2,LOW_VOLATILITY,1,Accepted
2026-08-31 10:54:14,60,50,0,0,PUT,24008.3,LOW_VOLATILITY,1,Accepted
2026-08-31 10:54:15,60,50,0,0,PUT,24007.85,LOW_VOLATILITY,1,Accepted
2026-08-31 10:54:16,60,50,0,0,PUT,24005.7,LOW_VOLATILITY,1,Accepted
2026-08-31 10:54:17,60,50,0,0,PUT,24006.1,LOW_VOLATILITY,1,Accepted
2026-08-31 10:54:18,60,50,0,0,PUT,24005.85,LOW_VOLATILITY,1,Accepted
2026-08-31 10:54:19,60,50,0,0,PUT,24006.6,LOW_VOLATILITY,1,Accepted
2026-08-31 10:54:21,60,50,0,0,PUT,24005.65,LOW_VOLATILITY,1,Accepted
2026-08-31 10:54:22,60,50,0,0,PUT,24005.35,LOW_VOLATILITY,1,Accepted
2026-08-31 10:54:23,60,50,0,0,PUT,24005.5,LOW_VOLATILITY,1,Accepted
2026-08-31 10:54:24,60,50,0,0,PUT,24005.45,LOW_VOLATILITY,1,Accepted
2026-08-31 10:54:27,60,50,0,0,PUT,24006.2,LOW_VOLATILITY,1,Accepted
2026-08-31 10:54:28,60,50,0,0,PUT,24006,LOW_VOLATILITY,1,Accepted
2026-08-31 10:54:29,60,50,0,0,PUT,24006.2,LOW_VOLATILITY,1,Accepted
2026-08-31 10:54:31,60,50,0,0,PUT,24005.75,LOW_VOLATILITY,1,Accepted
2026-08-31 10:54:32,60,50,0,0,PUT,24005.8,LOW_VOLATILITY,1,Accepted
2026-08-31 10:54:33,60,50,0,0,PUT,24005.85,LOW_VOLATILITY,1,Accepted
2026-08-31 10:54:34,60,50,0,0,PUT,24005,LOW_VOLATILITY,1,Accepted
2026-08-31 10:54:35,60,50,0,0,PUT,24005,LOW_VOLATILITY,1,Accepted
2026-08-31 10:54:36,60,50,0,0,PUT,24005.8,LOW_VOLATILITY,1,Accepted
2026-08-31 10:54:37,60,50,0,0,PUT,24004.9,LOW_VOLATILITY,1,Accepted
2026-08-31 10:54:39,60,50,0,0,PUT,24004.7,LOW_VOLATILITY,1,Accepted
2026-08-31 10:54:40,60,50,0,0,PUT,24005.15,LOW_VOLATILITY,1,Accepted
2026-08-31 10:54:42,60,50,0,0,PUT,24005,LOW_VOLATILITY,1,Accepted
2026-08-31 10:54:43,60,50,0,0,PUT,24004.85,LOW_VOLATILITY,1,Accepted
2026-08-31 10:54:44,60,50,0,0,PUT,24003.55,LOW_VOLATILITY,1,Accepted
2026-08-31 10:54:45,60,50,0,0,PUT,24002.85,LOW_VOLATILITY,1,Accepted
2026-08-31 10:54:47,60,50,0,0,PUT,24003.15,LOW_VOLATILITY,1,Accepted
2026-08-31 10:54:48,60,50,0,0,PUT,24003.35,LOW_VOLATILITY,1,Accepted
2026-08-31 10:54:49,60,50,0,0,PUT,24004,LOW_VOLATILITY,1,Accepted
2026-08-31 10:54:50,60,50,0,0,PUT,24005.15,LOW_VOLATILITY,1,Accepted
2026-08-31 10:54:51,50,50,0,5,PUT,24003.4,LOW_VOLATILITY,1,Rejected
2026-08-31 10:54:52,50,50,0,5,PUT,24004.45,LOW_VOLATILITY,1,Rejected
2026-08-31 10:54:54,50,50,0,5,PUT,24003.3,LOW_VOLATILITY,1,Rejected
2026-08-31 10:54:57,50,50,0,5,PUT,24003.55,LOW_VOLATILITY,1,Rejected
2026-08-31 10:54:58,50,50,0,5,PUT,24003.85,LOW_VOLATILITY,1,Rejected
2026-08-31 10:54:59,50,50,0,5,PUT,24003.3,LOW_VOLATILITY,1,Rejected
2026-08-31 10:55:00,50,50,0,5,PUT,24002.75,LOW_VOLATILITY,1,Rejected
2026-08-31 10:55:02,50,50,0,5,PUT,24003,LOW_VOLATILITY,1,Rejected
2026-08-31 10:55:03,50,50,0,5,PUT,24002.8,LOW_VOLATILITY,1,Rejected
2026-08-31 10:55:04,50,50,0,5,PUT,24003.5,LOW_VOLATILITY,1,Rejected
2026-08-31 10:55:05,50,50,0,5,PUT,24003.5,LOW_VOLATILITY,1,Rejected
2026-08-31 10:55:07,50,50,0,5,PUT,24003.95,LOW_VOLATILITY,1,Rejected
2026-08-31 10:55:08,50,50,0,5,PUT,24003.9,LOW_VOLATILITY,1,Rejected
2026-08-31 10:55:09,50,50,0,5,PUT,24005.6,LOW_VOLATILITY,1,Rejected
2026-08-31 10:55:11,50,50,0,5,PUT,24003.05,LOW_VOLATILITY,1,Rejected
2026-08-31 10:55:14,50,50,0,5,PUT,24004.5,LOW_VOLATILITY,1,Rejected
2026-08-31 10:55:15,50,50,0,5,PUT,24004.1,LOW_VOLATILITY,1,Rejected
2026-08-31 10:55:16,50,50,0,5,PUT,24003.05,LOW_VOLATILITY,1,Rejected
2026-08-31 10:55:18,50,50,0,5,PUT,24003.4,LOW_VOLATILITY,1,Rejected
2026-08-31 10:55:19,50,50,0,5,PUT,24003.3,LOW_VOLATILITY,1,Rejected
2026-08-31 10:55:20,50,50,0,5,PUT,24003.15,LOW_VOLATILITY,1,Rejected
2026-08-31 10:55:21,50,50,0,5,PUT,24001.45,LOW_VOLATILITY,1,Rejected
2026-08-31 10:55:22,50,50,0,5,PUT,24002,LOW_VOLATILITY,1,Rejected
2026-08-31 10:55:23,50,50,0,5,PUT,24002.9,LOW_VOLATILITY,1,Rejected
2026-08-31 10:55:24,50,50,0,5,PUT,24003.2,LOW_VOLATILITY,1,Rejected
2026-08-31 10:55:26,50,50,0,5,PUT,24002.5,LOW_VOLATILITY,1,Rejected
2026-08-31 10:55:28,50,50,0,5,PUT,24002.8,LOW_VOLATILITY,1,Rejected
2026-08-31 10:55:29,50,50,0,5,PUT,24005,LOW_VOLATILITY,1,Rejected
2026-08-31 10:55:30,50,50,0,5,PUT,24002.6,LOW_VOLATILITY,1,Rejected
2026-08-31 10:55:31,50,50,0,5,PUT,24002.7,LOW_VOLATILITY,1,Rejected
2026-08-31 10:55:32,50,50,0,5,PUT,24003.65,LOW_VOLATILITY,1,Rejected
2026-08-31 10:55:33,50,50,0,5,PUT,24003,LOW_VOLATILITY,1,Rejected
2026-08-31 10:55:34,50,50,0,5,PUT,24003.45,LOW_VOLATILITY,1,Rejected
2026-08-31 10:55:36,50,50,0,5,PUT,24002.95,LOW_VOLATILITY,1,Rejected
2026-08-31 10:55:37,50,50,0,5,PUT,24003.5,LOW_VOLATILITY,1,Rejected
2026-08-31 10:55:38,50,50,0,5,PUT,24004.15,LOW_VOLATILITY,1,Rejected
2026-08-31 10:55:39,50,50,0,5,PUT,24003,LOW_VOLATILITY,1,Rejected
2026-08-31 10:55:41,50,50,0,5,PUT,24004.5,LOW_VOLATILITY,1,Rejected
2026-08-31 10:55:42,50,50,0,5,PUT,24004.95,LOW_VOLATILITY,1,Rejected
2026-08-31 10:55:44,50,50,0,5,PUT,24004.9,LOW_VOLATILITY,1,Rejected
2026-08-31 10:55:45,50,50,0,5,PUT,24004.3,LOW_VOLATILITY,1,Rejected
2026-08-31 10:55:46,50,50,0,5,PUT,24004.55,LOW_VOLATILITY,1,Rejected
2026-08-31 10:55:47,50,50,0,5,PUT,24005.7,LOW_VOLATILITY,1,Rejected
2026-08-31 10:55:48,50,50,0,5,PUT,24004.35,LOW_VOLATILITY,1,Rejected
2026-08-31 10:55:49,50,50,0,5,PUT,24004.55,LOW_VOLATILITY,1,Rejected
2026-08-31 10:55:50,50,50,0,5,PUT,24005.15,LOW_VOLATILITY,1,Rejected
2026-08-31 10:55:51,60,50,0,0,PUT,24004,LOW_VOLATILITY,1,Accepted
2026-08-31 10:55:53,60,50,0,0,PUT,24003.25,LOW_VOLATILITY,1,Accepted
2026-08-31 10:55:54,60,50,0,0,PUT,24003.4,LOW_VOLATILITY,1,Accepted
2026-08-31 10:55:56,60,50,0,0,PUT,24005.15,LOW_VOLATILITY,1,Accepted
2026-08-31 10:55:58,60,50,0,0,PUT,24005.15,LOW_VOLATILITY,1,Accepted
2026-08-31 10:55:59,60,50,0,0,PUT,24006.3,LOW_VOLATILITY,1,Accepted
2026-08-31 10:56:00,60,50,0,0,PUT,24005.4,LOW_VOLATILITY,1,Accepted
2026-08-31 10:56:01,60,50,0,0,PUT,24006.1,LOW_VOLATILITY,1,Accepted
2026-08-31 10:56:02,60,50,0,0,PUT,24005.8,LOW_VOLATILITY,1,Accepted
2026-08-31 10:56:03,60,50,0,0,PUT,24005.75,LOW_VOLATILITY,1,Accepted
2026-08-31 10:56:04,60,50,0,0,PUT,24006.3,LOW_VOLATILITY,1,Accepted
2026-08-31 10:56:06,60,50,0,0,PUT,24004.85,LOW_VOLATILITY,1,Accepted
2026-08-31 10:56:07,60,50,0,0,PUT,24005,LOW_VOLATILITY,1,Accepted
2026-08-31 10:56:08,60,50,0,0,PUT,24005.15,LOW_VOLATILITY,1,Accepted
2026-08-31 10:56:09,60,50,0,0,PUT,24005.2,LOW_VOLATILITY,1,Accepted
2026-08-31 10:56:11,60,50,0,0,PUT,24005.3,LOW_VOLATILITY,1,Accepted
2026-08-31 10:56:12,60,50,0,0,PUT,24005.6,LOW_VOLATILITY,1,Accepted
2026-08-31 10:56:13,60,50,0,0,PUT,24005.15,LOW_VOLATILITY,1,Accepted
2026-08-31 10:56:15,60,50,0,0,PUT,24005.55,LOW_VOLATILITY,1,Accepted
2026-08-31 10:56:16,60,50,0,0,PUT,24004.5,LOW_VOLATILITY,1,Accepted
2026-08-31 10:56:17,60,50,0,0,PUT,24005.2,LOW_VOLATILITY,1,Accepted
2026-08-31 10:56:18,60,50,0,0,PUT,24004.95,LOW_VOLATILITY,1,Accepted
2026-08-31 10:56:19,60,50,0,0,PUT,24004.75,LOW_VOLATILITY,1,Accepted
2026-08-31 10:56:20,60,50,0,0,PUT,24005.05,LOW_VOLATILITY,1,Accepted
2026-08-31 10:56:21,60,50,0,0,PUT,24004.55,LOW_VOLATILITY,1,Accepted
2026-08-31 10:56:22,60,50,0,0,PUT,24003.35,LOW_VOLATILITY,1,Accepted
2026-08-31 10:56:24,60,50,0,0,PUT,24003.75,LOW_VOLATILITY,1,Accepted
2026-08-31 10:56:26,60,50,0,0,PUT,24002.5,LOW_VOLATILITY,1,Accepted
2026-08-31 10:56:27,60,50,0,0,PUT,24003.55,LOW_VOLATILITY,1,Accepted
2026-08-31 10:56:29,60,50,0,0,PUT,24005.25,LOW_VOLATILITY,1,Accepted
2026-08-31 10:56:30,60,50,0,0,PUT,24002.95,LOW_VOLATILITY,1,Accepted
2026-08-31 10:56:31,60,50,0,0,PUT,24002.9,LOW_VOLATILITY,1,Accepted
2026-08-31 10:56:32,60,50,0,0,PUT,24003.15,LOW_VOLATILITY,1,Accepted
2026-08-31 10:56:33,60,50,0,0,PUT,24002.85,LOW_VOLATILITY,1,Accepted
2026-08-31 10:56:34,60,50,0,0,PUT,24003.5,LOW_VOLATILITY,1,Accepted
2026-08-31 10:56:35,60,50,0,0,PUT,24003.1,LOW_VOLATILITY,1,Accepted
2026-08-31 10:56:36,60,50,0,0,PUT,24004.95,LOW_VOLATILITY,1,Accepted
2026-08-31 10:56:38,60,50,0,0,PUT,24004.2,LOW_VOLATILITY,1,Accepted
2026-08-31 10:56:39,60,50,0,0,PUT,24003.45,LOW_VOLATILITY,1,Accepted
2026-08-31 10:56:41,60,50,0,0,PUT,24002.65,LOW_VOLATILITY,1,Accepted
2026-08-31 10:56:42,60,50,0,0,PUT,24002.85,LOW_VOLATILITY,1,Accepted
2026-08-31 10:56:43,60,50,0,0,PUT,24002.45,LOW_VOLATILITY,1,Accepted
2026-08-31 10:56:44,60,50,0,0,PUT,24002.6,LOW_VOLATILITY,1,Accepted
2026-08-31 10:56:46,60,50,0,0,PUT,24002.15,LOW_VOLATILITY,1,Accepted
2026-08-31 10:56:47,60,50,0,0,PUT,24002.15,LOW_VOLATILITY,1,Accepted
2026-08-31 10:56:48,60,50,0,0,PUT,24001.4,LOW_VOLATILITY,1,Accepted
2026-08-31 10:56:49,60,50,0,0,PUT,24001.5,LOW_VOLATILITY,1,Accepted
2026-08-31 10:56:50,60,50,0,0,PUT,24002.45,LOW_VOLATILITY,1,Accepted
2026-08-31 10:56:51,60,50,0,0,PUT,24003.1,LOW_VOLATILITY,1,Accepted
2026-08-31 10:56:53,60,50,0,0,PUT,24002.75,LOW_VOLATILITY,1,Accepted
2026-08-31 10:56:54,60,50,0,0,PUT,24002.55,LOW_VOLATILITY,1,Accepted
2026-08-31 10:56:56,60,50,0,0,PUT,24002.4,LOW_VOLATILITY,1,Accepted
2026-08-31 10:56:58,60,50,0,0,PUT,24003.9,LOW_VOLATILITY,1,Accepted
2026-08-31 10:56:59,60,50,0,0,PUT,24006.2,LOW_VOLATILITY,1,Accepted
2026-08-31 10:57:00,60,50,0,0,PUT,24005.45,LOW_VOLATILITY,1,Accepted
2026-08-31 10:57:01,60,50,0,0,PUT,24005.6,LOW_VOLATILITY,1,Accepted
2026-08-31 10:57:02,60,50,0,0,PUT,24005.55,LOW_VOLATILITY,1,Accepted
2026-08-31 10:57:03,60,50,0,0,PUT,24005.1,LOW_VOLATILITY,1,Accepted
2026-08-31 10:57:04,60,50,0,0,PUT,24005.05,LOW_VOLATILITY,1,Accepted
2026-08-31 10:57:05,60,50,0,0,PUT,24005.5,LOW_VOLATILITY,1,Accepted
2026-08-31 10:57:07,60,50,0,0,PUT,24005.05,LOW_VOLATILITY,1,Accepted
2026-08-31 10:57:08,60,50,0,0,PUT,24007.65,LOW_VOLATILITY,1,Accepted
2026-08-31 10:57:09,60,50,0,0,PUT,24006.75,LOW_VOLATILITY,1,Accepted
2026-08-31 10:57:11,60,50,0,0,PUT,24008.55,LOW_VOLATILITY,1,Accepted
2026-08-31 10:57:13,60,50,0,0,PUT,24008.75,LOW_VOLATILITY,1,Accepted
2026-08-31 10:57:14,60,50,0,0,PUT,24008.05,LOW_VOLATILITY,1,Accepted
2026-08-31 10:57:15,60,50,0,0,PUT,24006.8,LOW_VOLATILITY,1,Accepted
2026-08-31 10:57:16,60,50,0,0,PUT,24006.85,LOW_VOLATILITY,1,Accepted
2026-08-31 10:57:17,60,50,0,0,PUT,24007.7,LOW_VOLATILITY,1,Accepted
2026-08-31 10:57:19,60,50,0,0,PUT,24007.45,LOW_VOLATILITY,1,Accepted
2026-08-31 10:57:20,60,50,0,0,PUT,24008.15,LOW_VOLATILITY,1,Accepted
2026-08-31 10:57:21,60,50,0,0,PUT,24007.05,LOW_VOLATILITY,1,Accepted
2026-08-31 10:57:22,60,50,0,0,PUT,24006.85,LOW_VOLATILITY,1,Accepted
2026-08-31 10:57:23,60,50,0,0,PUT,24007.6,LOW_VOLATILITY,1,Accepted
2026-08-31 10:57:24,60,50,0,0,PUT,24008.6,LOW_VOLATILITY,1,Accepted
2026-08-31 10:57:26,60,50,0,0,PUT,24007.75,LOW_VOLATILITY,1,Accepted
2026-08-31 10:57:27,60,50,0,0,PUT,24007.9,LOW_VOLATILITY,1,Accepted
2026-08-31 10:57:29,60,50,0,0,PUT,24012.25,LOW_VOLATILITY,1,Accepted
2026-08-31 10:57:30,60,50,0,0,PUT,24010.55,LOW_VOLATILITY,1,Accepted
2026-08-31 10:57:31,60,50,0,0,PUT,24009.8,LOW_VOLATILITY,1,Accepted
2026-08-31 10:57:32,60,50,0,0,PUT,24009.65,LOW_VOLATILITY,1,Accepted
2026-08-31 10:57:33,60,50,0,0,PUT,24009.6,LOW_VOLATILITY,1,Accepted
2026-08-31 10:57:34,60,50,0,0,PUT,24009.3,LOW_VOLATILITY,1,Accepted
2026-08-31 10:57:35,60,50,0,0,PUT,24009.25,LOW_VOLATILITY,1,Accepted
2026-08-31 10:57:37,60,50,0,0,PUT,24010.4,LOW_VOLATILITY,1,Accepted
2026-08-31 10:57:38,60,50,0,0,PUT,24010.1,LOW_VOLATILITY,1,Accepted
2026-08-31 10:57:39,60,50,0,0,PUT,24009.55,LOW_VOLATILITY,1,Accepted
2026-08-31 10:57:41,60,50,0,0,PUT,24008.35,LOW_VOLATILITY,1,Accepted
2026-08-31 10:57:43,60,50,0,0,PUT,24008.4,LOW_VOLATILITY,1,Accepted
2026-08-31 10:57:44,60,50,0,0,PUT,24008.35,LOW_VOLATILITY,1,Accepted
2026-08-31 10:57:45,60,50,0,0,PUT,24008.2,LOW_VOLATILITY,1,Accepted
2026-08-31 10:57:46,60,50,0,0,PUT,24007.75,LOW_VOLATILITY,1,Accepted
2026-08-31 10:57:47,60,50,0,0,PUT,24008,LOW_VOLATILITY,1,Accepted
2026-08-31 10:57:48,60,50,0,0,PUT,24008.2,LOW_VOLATILITY,1,Accepted
2026-08-31 10:57:50,60,50,0,0,PUT,24007.75,LOW_VOLATILITY,1,Accepted
2026-08-31 10:57:51,60,50,0,0,PUT,24008.95,LOW_VOLATILITY,1,Accepted
2026-08-31 10:57:52,60,50,0,0,PUT,24007.6,LOW_VOLATILITY,1,Accepted
2026-08-31 10:57:53,45,50,0,0,PUT,24007.5,LOW_VOLATILITY,1,Rejected
2026-08-31 10:57:54,45,50,0,0,PUT,24008.5,LOW_VOLATILITY,1,Rejected
2026-08-31 10:57:57,45,50,0,0,PUT,24008.5,LOW_VOLATILITY,1,Rejected
2026-08-31 10:57:58,45,50,0,0,PUT,24007,LOW_VOLATILITY,1,Rejected
2026-08-31 10:57:59,45,50,0,0,PUT,24008.1,LOW_VOLATILITY,1,Rejected
2026-08-31 10:58:00,45,50,0,0,PUT,24008.45,LOW_VOLATILITY,1,Rejected
2026-08-31 10:58:01,45,50,0,0,PUT,24008.05,LOW_VOLATILITY,1,Rejected
2026-08-31 10:58:03,45,50,0,0,PUT,24007.7,LOW_VOLATILITY,1,Rejected
2026-08-31 10:58:04,45,50,0,0,PUT,24008.15,LOW_VOLATILITY,1,Rejected
2026-08-31 10:58:05,45,50,0,0,PUT,24009.45,LOW_VOLATILITY,1,Rejected
2026-08-31 10:58:06,45,50,0,0,PUT,24009.8,LOW_VOLATILITY,1,Rejected
2026-08-31 10:58:07,45,50,0,0,PUT,24009.45,LOW_VOLATILITY,1,Rejected
2026-08-31 10:58:08,45,50,0,0,PUT,24010.15,LOW_VOLATILITY,1,Rejected
2026-08-31 10:58:09,45,50,0,0,PUT,24009.3,LOW_VOLATILITY,1,Rejected
2026-08-31 10:58:12,45,50,0,0,PUT,24008.6,LOW_VOLATILITY,1,Rejected
2026-08-31 10:58:13,45,50,0,0,PUT,24007.5,LOW_VOLATILITY,1,Rejected
2026-08-31 10:58:14,45,50,0,0,PUT,24008.1,LOW_VOLATILITY,1,Rejected
2026-08-31 10:58:15,45,50,0,0,PUT,24007.8,LOW_VOLATILITY,1,Rejected
2026-08-31 10:58:16,45,50,0,0,PUT,24008.7,LOW_VOLATILITY,1,Rejected
2026-08-31 10:58:17,45,50,0,0,PUT,24008.2,LOW_VOLATILITY,1,Rejected
2026-08-31 10:58:19,45,50,0,0,PUT,24007.95,LOW_VOLATILITY,1,Rejected
2026-08-31 10:58:20,45,50,0,0,PUT,24009.5,LOW_VOLATILITY,1,Rejected
2026-08-31 10:58:21,45,50,0,0,PUT,24009.45,LOW_VOLATILITY,1,Rejected
2026-08-31 10:58:22,45,50,0,0,PUT,24008.45,LOW_VOLATILITY,1,Rejected
2026-08-31 10:58:23,45,50,0,0,PUT,24008.7,LOW_VOLATILITY,1,Rejected
2026-08-31 10:58:24,45,50,0,0,PUT,24010.2,LOW_VOLATILITY,1,Rejected
2026-08-31 10:58:27,45,50,0,0,PUT,24010.15,LOW_VOLATILITY,1,Rejected
2026-08-31 10:58:28,45,50,0,0,PUT,24010.45,LOW_VOLATILITY,1,Rejected
2026-08-31 10:58:29,45,50,0,0,PUT,24010.75,LOW_VOLATILITY,1,Rejected
2026-08-31 10:58:30,45,50,0,0,PUT,24010.95,LOW_VOLATILITY,1,Rejected
2026-08-31 10:58:32,45,50,0,0,PUT,24010.45,LOW_VOLATILITY,1,Rejected
2026-08-31 10:58:33,45,50,0,0,PUT,24010.9,LOW_VOLATILITY,1,Rejected
2026-08-31 10:58:34,45,50,0,0,PUT,24011.35,LOW_VOLATILITY,1,Rejected
2026-08-31 10:58:35,45,50,0,0,PUT,24010.9,LOW_VOLATILITY,1,Rejected
2026-08-31 10:58:36,45,50,0,0,PUT,24010.65,LOW_VOLATILITY,1,Rejected
2026-08-31 10:58:37,45,50,0,0,PUT,24011.45,LOW_VOLATILITY,1,Rejected
2026-08-31 10:58:38,45,50,0,0,PUT,24010.75,LOW_VOLATILITY,1,Rejected
2026-08-31 10:58:40,45,50,0,0,PUT,24011.2,LOW_VOLATILITY,1,Rejected
2026-08-31 10:58:42,45,50,0,0,PUT,24011.5,LOW_VOLATILITY,1,Rejected
2026-08-31 10:58:43,45,50,0,0,PUT,24011.55,LOW_VOLATILITY,1,Rejected
2026-08-31 10:58:44,45,50,0,0,PUT,24011.55,LOW_VOLATILITY,1,Rejected
2026-08-31 10:58:46,45,50,0,0,PUT,24010.65,LOW_VOLATILITY,1,Rejected
2026-08-31 10:58:47,45,50,0,0,PUT,24010.25,LOW_VOLATILITY,1,Rejected
2026-08-31 10:58:48,45,50,0,0,PUT,24011.4,LOW_VOLATILITY,1,Rejected
2026-08-31 10:58:49,45,50,0,0,PUT,24011.75,LOW_VOLATILITY,1,Rejected
2026-08-31 10:58:50,45,50,0,0,PUT,24011.15,LOW_VOLATILITY,1,Rejected
2026-08-31 11:03:51,35,30,0,0,CALL,24009.9,LOW_VOLATILITY,1,Rejected
2026-08-31 11:04:52,35,30,0,0,CALL,24010.35,LOW_VOLATILITY,1,Rejected
2026-08-31 11:05:52,35,30,0,0,CALL,24009.6,LOW_VOLATILITY,1,Rejected
2026-08-31 11:06:52,35,30,0,0,CALL,24003.45,LOW_VOLATILITY,1,Rejected
2026-08-31 11:07:52,45,30,0,0,PUT,23999.85,LOW_VOLATILITY,1,Rejected
2026-08-31 11:08:53,45,30,0,0,PUT,23999.6,LOW_VOLATILITY,1,Rejected
2026-08-31 11:09:53,45,30,0,0,PUT,23996.75,LOW_VOLATILITY,1,Rejected
2026-08-31 11:10:53,45,30,0,0,PUT,23998.05,LOW_VOLATILITY,1,Rejected
2026-08-31 11:11:53,55,40,0,0,PUT,23995.1,LOW_VOLATILITY,1,Rejected
2026-08-31 11:12:53,55,40,0,0,PUT,23995.05,LOW_VOLATILITY,1,Rejected
2026-08-31 11:13:53,55,40,0,0,PUT,23994.9,LOW_VOLATILITY,1,Rejected
2026-08-31 11:14:54,55,40,0,0,PUT,23999.9,LOW_VOLATILITY,1,Rejected
2026-08-31 11:15:54,35,30,0,0,CALL,24003.65,LOW_VOLATILITY,1,Rejected
2026-08-31 11:16:54,35,30,0,0,CALL,24005.55,LOW_VOLATILITY,1,Rejected
2026-08-31 11:17:55,35,30,0,0,CALL,24006.25,LOW_VOLATILITY,1,Rejected
2026-08-31 11:18:56,35,30,0,0,CALL,24004.45,LOW_VOLATILITY,1,Rejected
2026-08-31 11:19:56,35,30,0,0,CALL,24003.95,LOW_VOLATILITY,1,Rejected
2026-08-31 11:20:56,35,30,0,0,CALL,24004.5,LOW_VOLATILITY,1,Rejected
2026-08-31 11:21:56,35,30,0,0,CALL,24002.6,LOW_VOLATILITY,1,Rejected
2026-08-31 11:22:57,35,30,0,0,CALL,24008.15,LOW_VOLATILITY,1,Rejected
2026-08-31 11:23:57,35,30,0,0,CALL,24007.15,LOW_VOLATILITY,1,Rejected
2026-08-31 11:24:57,35,30,0,0,CALL,24003.05,LOW_VOLATILITY,1,Rejected
2026-08-31 11:25:57,35,30,0,0,CALL,24004.55,LOW_VOLATILITY,1,Rejected
2026-08-31 11:26:58,35,30,0,0,CALL,24003.25,LOW_VOLATILITY,1,Rejected
2026-08-31 11:27:58,35,30,0,0,CALL,24004.6,LOW_VOLATILITY,1,Rejected
2026-08-31 11:28:58,35,30,0,0,CALL,24004.3,LOW_VOLATILITY,1,Rejected
2026-08-31 11:29:58,35,30,0,0,CALL,24009.65,LOW_VOLATILITY,1,Rejected
2026-08-31 11:30:58,35,30,0,0,CALL,24014.85,LOW_VOLATILITY,1,Rejected
2026-08-31 11:31:59,30,30,0,0,CALL,24015.2,LOW_VOLATILITY,1,Rejected
2026-08-31 11:32:59,35,30,0,0,CALL,24013.7,LOW_VOLATILITY,1,Rejected
2026-08-31 11:33:59,25,30,0,0,PUT,24011.9,LOW_VOLATILITY,1,Rejected
2026-08-31 11:34:59,30,30,0,0,PUT,24016,LOW_VOLATILITY,1,Rejected
2026-08-31 11:36:00,30,30,0,0,CALL,24019.3,LOW_VOLATILITY,1,Rejected
2026-08-31 11:37:00,30,30,0,0,CALL,24020.15,LOW_VOLATILITY,1,Rejected
2026-08-31 11:38:00,35,30,0,0,CALL,24014.95,LOW_VOLATILITY,1,Rejected
2026-08-31 11:39:00,35,30,0,5,CALL,24019.4,LOW_VOLATILITY,1,Rejected
2026-08-31 11:40:00,35,30,0,5,CALL,24018.65,LOW_VOLATILITY,1,Rejected
2026-08-31 11:41:01,30,30,0,0,CALL,24021.45,LOW_VOLATILITY,1,Rejected
2026-08-31 11:42:01,30,30,0,0,CALL,24022.9,LOW_VOLATILITY,1,Rejected
2026-08-31 11:43:01,30,30,0,0,CALL,24026.95,LOW_VOLATILITY,1,Rejected
2026-08-31 11:44:01,33,30,0,3,CALL,24027.1,LOW_VOLATILITY,1,Rejected
2026-08-31 11:45:02,38,30,0,8,CALL,24026,LOW_VOLATILITY,1,Rejected
2026-08-31 11:46:02,30,30,0,0,CALL,24027.9,LOW_VOLATILITY,1,Rejected
2026-08-31 11:47:02,30,30,0,0,CALL,24026.25,LOW_VOLATILITY,1,Rejected
2026-08-31 11:48:02,30,30,0,0,PUT,24021.25,LOW_VOLATILITY,1,Rejected
2026-08-31 11:49:03,30,30,0,0,PUT,24026.7,LOW_VOLATILITY,1,Rejected
2026-08-31 11:50:03,30,30,0,0,CALL,24032.5,LOW_VOLATILITY,1,Rejected
2026-08-31 11:51:03,30,30,0,0,CALL,24037.85,LOW_VOLATILITY,1,Rejected
2026-08-31 11:52:03,30,30,0,0,CALL,24036.2,LOW_VOLATILITY,1,Rejected
2026-08-31 11:53:04,30,30,0,0,CALL,24035.2,LOW_VOLATILITY,1,Rejected
2026-08-31 11:54:04,38,30,0,8,CALL,24042.7,LOW_VOLATILITY,1,Rejected
2026-08-31 11:55:04,23,15,0,8,NEUTRAL,24066.9,LOW_VOLATILITY,1,Rejected
2026-08-31 11:56:04,25,25,0,0,NEUTRAL,24071.95,LOW_VOLATILITY,1,Rejected
2026-08-31 11:57:04,33,25,0,8,NEUTRAL,24082.85,LOW_VOLATILITY,1,Rejected
2026-08-31 11:58:05,33,25,0,8,NEUTRAL,24080.65,LOW_VOLATILITY,1,Rejected
2026-08-31 11:59:05,33,25,0,8,NEUTRAL,24066.25,LOW_VOLATILITY,1,Rejected
2026-08-31 12:00:05,58,50,0,8,CALL,24067.2,LOW_VOLATILITY,1,Rejected
2026-08-31 12:01:05,50,50,0,0,CALL,24061.15,LOW_VOLATILITY,1,Rejected
2026-08-31 12:02:06,40,40,0,0,PUT,24061.35,LOW_VOLATILITY,1,Rejected
2026-08-31 12:03:06,40,40,0,0,PUT,24065.1,LOW_VOLATILITY,1,Rejected
2026-08-31 12:04:06,40,40,0,0,CALL,24068.1,LOW_VOLATILITY,1,Rejected
2026-08-31 12:05:06,40,40,0,0,CALL,24075.95,LOW_VOLATILITY,1,Rejected
2026-08-31 12:06:07,40,40,0,0,CALL,24066.75,LOW_VOLATILITY,1,Rejected
2026-08-31 12:07:07,40,40,0,0,CALL,24070.1,LOW_VOLATILITY,1,Rejected
2026-08-31 12:08:07,40,40,0,0,CALL,24067.95,LOW_VOLATILITY,1,Rejected
2026-08-31 12:09:07,40,40,0,0,CALL,24063.75,LOW_VOLATILITY,1,Rejected
2026-08-31 12:10:07,40,40,0,0,CALL,24063.9,LOW_VOLATILITY,1,Rejected
2026-08-31 12:11:08,40,40,0,0,CALL,24061.65,LOW_VOLATILITY,1,Rejected
2026-08-31 12:12:08,40,40,0,0,PUT,24061.3,LOW_VOLATILITY,1,Rejected
2026-08-31 12:13:08,40,40,0,0,PUT,24064.9,LOW_VOLATILITY,1,Rejected
2026-08-31 12:14:08,40,40,0,0,CALL,24060.55,LOW_VOLATILITY,1,Rejected
2026-08-31 12:15:09,40,40,0,0,CALL,24054.7,LOW_VOLATILITY,1,Rejected
2026-08-31 12:16:09,40,40,0,0,PUT,24058.75,LOW_VOLATILITY,1,Rejected
2026-08-31 12:17:09,40,40,0,0,PUT,24063.2,LOW_VOLATILITY,1,Rejected
2026-08-31 12:18:11,40,40,0,0,CALL,24065.85,LOW_VOLATILITY,1,Rejected
2026-08-31 12:19:11,40,40,0,0,CALL,24068.25,LOW_VOLATILITY,1,Rejected
2026-08-31 12:20:11,40,40,0,0,CALL,24071.6,LOW_VOLATILITY,1,Rejected
2026-08-31 12:21:11,40,40,0,0,CALL,24070.3,LOW_VOLATILITY,1,Rejected
2026-08-31 12:22:11,40,40,0,0,CALL,24074.5,LOW_VOLATILITY,1,Rejected
2026-08-31 12:23:12,40,40,0,0,CALL,24074.45,LOW_VOLATILITY,1,Rejected
2026-08-31 12:24:12,40,40,0,0,CALL,24067.4,LOW_VOLATILITY,1,Rejected
2026-08-31 12:25:12,40,40,0,0,CALL,24065.4,LOW_VOLATILITY,1,Rejected
2026-08-31 12:26:12,40,40,0,0,CALL,24065.2,LOW_VOLATILITY,1,Rejected
2026-08-31 12:27:13,40,40,0,0,CALL,24061.65,LOW_VOLATILITY,1,Rejected
2026-08-31 12:28:13,40,40,0,0,CALL,24064.9,LOW_VOLATILITY,1,Rejected
2026-08-31 12:29:13,40,40,0,0,CALL,24067.15,LOW_VOLATILITY,1,Rejected
2026-08-31 12:30:13,40,40,0,0,CALL,24061.1,LOW_VOLATILITY,1,Rejected
2026-08-31 12:31:14,40,40,0,0,CALL,24063.05,LOW_VOLATILITY,1,Rejected
2026-08-31 12:32:14,40,40,0,0,PUT,24062.4,LOW_VOLATILITY,1,Rejected
2026-08-31 12:33:14,40,40,0,0,PUT,24064.3,LOW_VOLATILITY,1,Rejected
2026-08-31 12:34:14,40,40,0,0,PUT,24065.45,LOW_VOLATILITY,1,Rejected
2026-08-31 12:35:15,40,40,0,0,PUT,24060.7,LOW_VOLATILITY,1,Rejected
2026-08-31 12:36:15,40,40,0,0,PUT,24064.35,LOW_VOLATILITY,1,Rejected
2026-08-31 12:37:15,40,40,0,0,PUT,24064.15,LOW_VOLATILITY,1,Rejected
2026-08-31 12:38:15,40,40,0,0,CALL,24067.7,LOW_VOLATILITY,1,Rejected
2026-08-31 12:39:15,40,40,0,0,CALL,24069.15,LOW_VOLATILITY,1,Rejected
2026-08-31 12:40:16,40,40,0,0,CALL,24073.65,LOW_VOLATILITY,1,Rejected
2026-08-31 12:41:16,40,40,0,0,CALL,24072.05,LOW_VOLATILITY,1,Rejected
2026-08-31 12:42:16,40,40,0,0,CALL,24074.15,LOW_VOLATILITY,1,Rejected
2026-08-31 12:43:16,40,40,0,0,CALL,24070.15,LOW_VOLATILITY,1,Rejected
2026-08-31 12:44:17,40,40,0,0,CALL,24071.85,LOW_VOLATILITY,1,Rejected
2026-08-31 12:45:17,40,40,0,0,CALL,24072.3,LOW_VOLATILITY,1,Rejected
2026-08-31 12:46:17,40,40,0,0,PUT,24068.7,LOW_VOLATILITY,1,Rejected
2026-08-31 12:47:17,40,40,0,0,PUT,24063.95,LOW_VOLATILITY,1,Rejected
2026-08-31 12:48:18,40,40,0,0,PUT,24066.25,LOW_VOLATILITY,1,Rejected
2026-08-31 12:49:18,40,40,0,0,PUT,24066.4,LOW_VOLATILITY,1,Rejected
2026-08-31 12:50:18,40,40,0,0,PUT,24069.2,LOW_VOLATILITY,1,Rejected
2026-08-31 12:51:18,40,40,0,0,PUT,24072.95,LOW_VOLATILITY,1,Rejected
2026-08-31 12:52:18,40,40,0,0,PUT,24070.85,LOW_VOLATILITY,1,Rejected
2026-08-31 12:53:19,40,40,0,0,PUT,24071.85,LOW_VOLATILITY,1,Rejected
2026-08-31 12:54:19,40,40,0,0,PUT,24072.05,LOW_VOLATILITY,1,Rejected
2026-08-31 12:55:19,40,40,0,0,PUT,24075.3,LOW_VOLATILITY,1,Rejected
2026-08-31 12:56:19,40,40,0,0,PUT,24073.65,LOW_VOLATILITY,1,Rejected
2026-08-31 12:57:20,40,40,0,0,PUT,24070.05,LOW_VOLATILITY,1,Rejected
2026-08-31 12:58:20,25,25,0,0,NEUTRAL,24065.05,LOW_VOLATILITY,1,Rejected
2026-08-31 12:59:20,25,25,0,0,NEUTRAL,24065.95,LOW_VOLATILITY,1,Rejected
2026-08-31 13:00:20,40,40,0,0,PUT,24062.9,LOW_VOLATILITY,1,Rejected
2026-08-31 13:01:21,40,40,0,0,PUT,24060.65,LOW_VOLATILITY,1,Rejected
2026-08-31 13:02:21,40,40,0,0,CALL,24066.55,LOW_VOLATILITY,1,Rejected
2026-08-31 13:03:21,40,40,0,0,CALL,24067.65,LOW_VOLATILITY,1,Rejected
2026-08-31 13:04:21,25,25,0,0,NEUTRAL,24069.15,LOW_VOLATILITY,1,Rejected
2026-08-31 13:05:22,25,25,0,0,NEUTRAL,24067.85,LOW_VOLATILITY,1,Rejected
2026-08-31 13:06:22,40,40,0,0,CALL,24066.4,LOW_VOLATILITY,1,Rejected
2026-08-31 13:07:22,40,40,0,0,CALL,24064.6,LOW_VOLATILITY,1,Rejected
2026-08-31 13:08:22,40,40,0,0,CALL,24065.6,LOW_VOLATILITY,1,Rejected
2026-08-31 13:09:22,40,40,0,0,CALL,24063.6,LOW_VOLATILITY,1,Rejected
2026-08-31 13:10:23,25,25,0,0,NEUTRAL,24058.05,LOW_VOLATILITY,1,Rejected
2026-08-31 13:11:23,25,25,0,0,NEUTRAL,24067.9,LOW_VOLATILITY,1,Rejected
2026-08-31 13:12:23,40,40,0,0,CALL,24065.9,LOW_VOLATILITY,1,Rejected
2026-08-31 13:13:23,40,40,0,0,CALL,24066.2,LOW_VOLATILITY,1,Rejected
2026-08-31 13:14:24,25,25,0,0,NEUTRAL,24072.45,LOW_VOLATILITY,1,Rejected
2026-08-31 13:15:24,28,25,0,3,NEUTRAL,24072.25,LOW_VOLATILITY,1,Rejected
2026-08-31 13:16:24,25,25,0,0,NEUTRAL,24070.15,LOW_VOLATILITY,1,Rejected
2026-08-31 13:17:24,25,25,0,0,NEUTRAL,24067.05,LOW_VOLATILITY,1,Rejected
2026-08-31 13:18:26,25,25,0,0,NEUTRAL,24066.1,LOW_VOLATILITY,1,Rejected
2026-08-31 13:19:26,25,25,0,0,NEUTRAL,24067.25,LOW_VOLATILITY,1,Rejected
2026-08-31 13:20:26,25,25,0,0,NEUTRAL,24066.2,LOW_VOLATILITY,1,Rejected
2026-08-31 13:21:26,25,25,0,0,NEUTRAL,24065.75,LOW_VOLATILITY,1,Rejected
2026-08-31 13:22:27,25,25,0,0,NEUTRAL,24065.2,LOW_VOLATILITY,1,Rejected
2026-08-31 13:23:27,25,25,0,0,NEUTRAL,24065.35,LOW_VOLATILITY,1,Rejected
2026-08-31 13:24:27,25,25,0,0,NEUTRAL,24066.6,LOW_VOLATILITY,1,Rejected
2026-08-31 13:25:27,25,25,0,0,NEUTRAL,24067.95,LOW_VOLATILITY,1,Rejected
2026-08-31 13:26:28,25,25,0,0,NEUTRAL,24068.5,LOW_VOLATILITY,1,Rejected
2026-08-31 13:27:28,25,25,0,0,NEUTRAL,24074.1,LOW_VOLATILITY,1,Rejected
2026-08-31 13:28:28,25,25,0,0,NEUTRAL,24068.9,LOW_VOLATILITY,1,Rejected
2026-08-31 13:29:28,25,25,0,0,NEUTRAL,24064.9,LOW_VOLATILITY,1,Rejected
2026-08-31 13:34:30,30,30,0,0,CALL,24071.85,LOW_VOLATILITY,1,Rejected
2026-08-31 13:35:30,30,30,0,0,CALL,24069.6,LOW_VOLATILITY,1,Rejected
2026-08-31 13:36:30,30,30,0,0,PUT,24067.75,LOW_VOLATILITY,1,Rejected
2026-08-31 13:37:30,30,30,0,0,PUT,24060.45,LOW_VOLATILITY,1,Rejected
2026-08-31 13:42:31,30,30,0,0,PUT,24061.4,LOW_VOLATILITY,1,Rejected
2026-08-31 13:43:32,30,30,0,0,PUT,24055.9,LOW_VOLATILITY,1,Rejected
2026-08-31 13:44:32,30,30,0,0,PUT,24057.8,LOW_VOLATILITY,1,Rejected
2026-08-31 13:45:32,30,30,0,0,PUT,24057.7,LOW_VOLATILITY,1,Rejected
2026-08-31 13:46:32,30,30,0,0,CALL,24056.6,LOW_VOLATILITY,1,Rejected
2026-08-31 13:47:33,30,30,0,0,CALL,24059.65,LOW_VOLATILITY,1,Rejected
2026-08-31 13:48:33,33,30,0,3,CALL,24063.15,LOW_VOLATILITY,1,Rejected
2026-08-31 13:49:33,38,30,0,8,CALL,24065.05,LOW_VOLATILITY,1,Rejected
2026-08-31 13:50:33,30,30,0,0,CALL,24063.75,LOW_VOLATILITY,1,Rejected
2026-08-31 13:51:34,30,30,0,0,CALL,24063.4,LOW_VOLATILITY,1,Rejected
2026-08-31 13:52:34,30,30,0,0,CALL,24062.95,LOW_VOLATILITY,1,Rejected
2026-08-31 13:53:34,30,30,0,0,CALL,24061.2,LOW_VOLATILITY,1,Rejected
2026-08-31 13:54:34,30,30,0,0,CALL,24059.75,LOW_VOLATILITY,1,Rejected
2026-08-31 13:55:34,30,30,0,0,CALL,24056.1,LOW_VOLATILITY,1,Rejected
2026-08-31 13:56:35,30,30,0,0,PUT,24051.2,LOW_VOLATILITY,1,Rejected
2026-08-31 13:57:35,30,30,0,0,PUT,24051.35,LOW_VOLATILITY,1,Rejected
2026-08-31 13:58:35,33,30,0,3,PUT,24052.7,LOW_VOLATILITY,1,Rejected
2026-08-31 13:59:35,38,30,0,8,PUT,24045.25,LOW_VOLATILITY,1,Rejected
2026-09-01 10:34:27,30,30,0,0,CALL,24065,LOW_VOLATILITY,0,Rejected
2026-09-01 10:35:28,33,30,0,3,CALL,24063.75,LOW_VOLATILITY,0,Rejected
2026-09-01 10:36:28,30,30,0,0,CALL,24060.6,LOW_VOLATILITY,0,Rejected
2026-09-01 10:39:28,30,30,0,0,CALL,24069.6,LOW_VOLATILITY,0,Rejected
2026-09-01 10:40:29,30,30,0,0,CALL,24069.9,LOW_VOLATILITY,0,Rejected
2026-09-01 10:41:29,30,30,0,0,CALL,24064,LOW_VOLATILITY,0,Rejected
2026-09-01 10:42:29,30,30,0,0,CALL,24062.9,LOW_VOLATILITY,0,Rejected
2026-09-01 10:43:29,30,30,0,0,CALL,24067.75,LOW_VOLATILITY,0,Rejected
2026-09-01 10:44:29,30,30,0,0,CALL,24066.3,LOW_VOLATILITY,0,Rejected
2026-09-01 10:45:30,30,30,0,0,CALL,24063.5,LOW_VOLATILITY,0,Rejected
2026-09-01 10:46:30,30,30,0,0,CALL,24064.55,LOW_VOLATILITY,0,Rejected
2026-09-01 10:47:30,30,30,0,0,CALL,24066.8,LOW_VOLATILITY,0,Rejected
2026-09-01 10:48:30,30,30,0,0,CALL,24070.45,LOW_VOLATILITY,0,Rejected
2026-09-01 10:49:30,30,30,0,0,CALL,24068.55,LOW_VOLATILITY,0,Rejected
2026-09-01 10:50:31,30,30,0,0,CALL,24069.9,LOW_VOLATILITY,0,Rejected
2026-09-01 10:51:31,30,30,0,0,CALL,24076.95,LOW_VOLATILITY,0,Rejected
2026-09-01 10:52:31,30,30,0,0,CALL,24078,LOW_VOLATILITY,0,Rejected
2026-09-01 10:53:31,25,30,0,0,CALL,24087.3,LOW_VOLATILITY,0,Rejected
2026-09-01 10:54:31,28,30,0,3,CALL,24087.8,LOW_VOLATILITY,0,Rejected
2026-09-01 10:57:32,25,30,0,0,CALL,24086.6,LOW_VOLATILITY,0,Rejected
2026-09-01 10:58:32,25,30,0,0,CALL,24085.7,LOW_VOLATILITY,0,Rejected
2026-09-01 10:59:32,25,30,0,0,CALL,24083.65,LOW_VOLATILITY,0,Rejected
2026-09-01 11:00:33,25,30,0,0,CALL,24086.1,LOW_VOLATILITY,0,Rejected
2026-09-01 11:01:33,30,30,0,0,CALL,24081.6,LOW_VOLATILITY,0,Rejected
2026-09-01 11:02:33,30,30,0,0,CALL,24077,LOW_VOLATILITY,0,Rejected
2026-09-01 11:03:33,30,30,0,0,PUT,24075.45,LOW_VOLATILITY,0,Rejected
2026-09-01 11:04:34,30,30,0,0,PUT,24078.1,LOW_VOLATILITY,0,Rejected
2026-09-01 11:05:34,30,30,0,0,PUT,24074.75,LOW_VOLATILITY,0,Rejected
2026-09-01 11:06:34,30,30,0,0,PUT,24076.9,LOW_VOLATILITY,0,Rejected
2026-09-01 11:07:34,30,30,0,0,PUT,24079.2,LOW_VOLATILITY,0,Rejected
2026-09-01 11:08:34,35,30,0,0,PUT,24088.9,LOW_VOLATILITY,0,Rejected
2026-09-01 11:09:35,25,30,0,0,CALL,24093,LOW_VOLATILITY,0,Rejected
2026-09-01 11:10:35,25,30,0,0,CALL,24096.25,LOW_VOLATILITY,0,Rejected
2026-09-01 11:11:35,30,30,0,0,CALL,24104.05,LOW_VOLATILITY,0,Rejected
2026-09-01 11:12:35,30,30,0,0,CALL,24104.8,LOW_VOLATILITY,0,Rejected
2026-09-01 11:13:36,30,30,0,0,CALL,24108.1,LOW_VOLATILITY,0,Rejected
2026-09-01 11:14:36,30,30,0,0,CALL,24104.15,LOW_VOLATILITY,0,Rejected
2026-09-01 11:15:36,40,40,0,0,CALL,24110.35,LOW_VOLATILITY,0,Rejected
2026-09-01 11:16:36,40,40,0,0,CALL,24114.25,LOW_VOLATILITY,0,Rejected
2026-09-01 11:17:36,30,30,0,0,CALL,24118.45,LOW_VOLATILITY,0,Rejected
2026-09-01 11:18:37,30,30,0,0,CALL,24119.55,LOW_VOLATILITY,0,Rejected
2026-09-01 11:19:37,35,30,0,5,CALL,24117.6,LOW_VOLATILITY,0,Rejected
2026-09-01 11:20:37,30,30,0,0,CALL,24124.6,LOW_VOLATILITY,0,Rejected
2026-09-01 11:21:37,30,30,0,0,CALL,24123.55,LOW_VOLATILITY,0,Rejected
2026-09-01 11:22:37,30,30,0,0,CALL,24122.95,LOW_VOLATILITY,0,Rejected
2026-09-01 11:23:38,30,30,0,0,CALL,24122.15,LOW_VOLATILITY,0,Rejected
2026-09-01 11:24:38,30,30,0,0,CALL,24121,LOW_VOLATILITY,0,Rejected
2026-09-01 11:25:38,30,30,0,0,CALL,24117.65,LOW_VOLATILITY,0,Rejected
2026-09-01 11:26:38,30,30,0,0,CALL,24119.3,LOW_VOLATILITY,0,Rejected
2026-09-01 11:27:38,30,30,0,0,CALL,24120.1,LOW_VOLATILITY,0,Rejected
2026-09-01 11:28:39,30,30,0,0,CALL,24124.7,LOW_VOLATILITY,0,Rejected
2026-09-01 11:29:39,20,20,0,0,CALL,24126.65,LOW_VOLATILITY,0,Rejected
2026-09-01 11:30:40,20,20,0,0,CALL,24134.05,LOW_VOLATILITY,0,Rejected
2026-09-01 11:31:40,33,30,0,3,CALL,24129.6,LOW_VOLATILITY,0,Rejected
2026-09-01 11:32:40,38,30,0,8,CALL,24130.75,LOW_VOLATILITY,0,Rejected
2026-09-01 11:33:41,38,30,0,8,CALL,24133.25,LOW_VOLATILITY,0,Rejected
2026-09-01 11:34:41,35,30,0,5,CALL,24123.65,LOW_VOLATILITY,0,Rejected
2026-09-01 11:35:41,50,50,0,0,PUT,24118.85,LOW_VOLATILITY,0,Rejected
2026-09-01 11:36:41,50,50,0,0,PUT,24116.95,LOW_VOLATILITY,0,Rejected
2026-09-01 11:37:41,50,50,0,0,PUT,24117.05,LOW_VOLATILITY,0,Rejected
2026-09-01 11:38:42,50,50,0,0,PUT,24113,LOW_VOLATILITY,0,Rejected
2026-09-01 11:39:42,50,50,0,0,PUT,24114.3,LOW_VOLATILITY,0,Rejected
2026-09-01 11:40:42,50,50,0,0,PUT,24105.55,LOW_VOLATILITY,0,Rejected
2026-09-01 11:41:42,50,50,0,0,PUT,24115.35,LOW_VOLATILITY,0,Rejected
2026-09-01 11:42:42,50,50,0,0,PUT,24115.15,LOW_VOLATILITY,0,Rejected
2026-09-01 11:43:42,50,50,0,0,PUT,24113.15,LOW_VOLATILITY,0,Rejected
2026-09-01 11:44:43,50,50,0,0,PUT,24120.05,LOW_VOLATILITY,0,Rejected
2026-09-01 11:45:43,40,40,0,0,CALL,24119.8,LOW_VOLATILITY,0,Rejected
2026-09-01 11:46:43,40,40,0,0,CALL,24117.15,LOW_VOLATILITY,0,Rejected
2026-09-01 11:47:43,40,40,0,0,PUT,24114.2,LOW_VOLATILITY,0,Rejected
2026-09-01 11:48:43,40,40,0,0,PUT,24113.2,LOW_VOLATILITY,0,Rejected
2026-09-01 11:49:44,40,40,0,0,PUT,24112,LOW_VOLATILITY,0,Rejected
2026-09-01 11:50:44,40,40,0,0,PUT,24113.15,LOW_VOLATILITY,0,Rejected
2026-09-01 11:51:44,40,40,0,0,PUT,24112.75,LOW_VOLATILITY,0,Rejected
2026-09-01 11:52:44,40,40,0,0,PUT,24115.05,LOW_VOLATILITY,0,Rejected
2026-09-01 11:53:45,40,40,0,0,PUT,24112.4,LOW_VOLATILITY,0,Rejected
2026-09-01 11:54:45,40,40,0,0,PUT,24117.1,LOW_VOLATILITY,0,Rejected
2026-09-01 11:55:45,40,40,0,0,PUT,24118.85,LOW_VOLATILITY,0,Rejected
2026-09-01 11:56:45,40,40,0,0,PUT,24121.1,LOW_VOLATILITY,0,Rejected
2026-09-01 11:57:46,40,40,0,0,CALL,24122.85,LOW_VOLATILITY,0,Rejected
2026-09-01 11:58:46,40,40,0,0,CALL,24116.85,LOW_VOLATILITY,0,Rejected
2026-09-01 11:59:46,40,40,0,0,CALL,24115.75,LOW_VOLATILITY,0,Rejected
2026-09-01 12:00:46,40,40,0,0,CALL,24113.8,LOW_VOLATILITY,0,Rejected
2026-09-01 12:01:46,40,40,0,0,PUT,24114.1,LOW_VOLATILITY,0,Rejected
2026-09-01 12:02:46,40,40,0,0,PUT,24114.75,LOW_VOLATILITY,0,Rejected
2026-09-01 12:03:47,40,40,0,0,CALL,24118.55,LOW_VOLATILITY,0,Rejected
2026-09-01 12:04:47,40,40,0,0,CALL,24121.5,LOW_VOLATILITY,0,Rejected
2026-09-01 12:05:47,40,40,0,0,CALL,24122.25,LOW_VOLATILITY,0,Rejected
2026-09-01 12:06:47,40,40,0,0,CALL,24127.35,LOW_VOLATILITY,0,Rejected
2026-09-01 12:07:47,40,40,0,0,CALL,24125.15,LOW_VOLATILITY,0,Rejected
2026-09-01 12:08:48,40,40,0,0,CALL,24125.85,LOW_VOLATILITY,0,Rejected
2026-09-01 12:09:48,30,30,0,0,CALL,24127.55,LOW_VOLATILITY,0,Rejected
2026-09-01 12:10:48,30,30,0,0,CALL,24129.55,LOW_VOLATILITY,0,Rejected
2026-09-01 12:11:48,30,30,0,0,CALL,24129.5,LOW_VOLATILITY,0,Rejected
2026-09-01 12:12:48,30,30,0,0,CALL,24130.7,LOW_VOLATILITY,0,Rejected
2026-09-01 12:13:49,45,40,0,5,CALL,24122.65,LOW_VOLATILITY,0,Rejected
2026-09-01 12:14:49,45,40,0,5,CALL,24117.65,LOW_VOLATILITY,0,Rejected
2026-09-01 12:15:49,40,40,0,0,PUT,24115.1,LOW_VOLATILITY,0,Rejected
2026-09-01 12:16:49,40,40,0,0,PUT,24109.7,LOW_VOLATILITY,0,Rejected
2026-09-01 12:17:49,40,40,0,0,PUT,24107.2,LOW_VOLATILITY,0,Rejected
2026-09-01 12:18:50,40,40,0,0,PUT,24109.6,LOW_VOLATILITY,0,Rejected
2026-09-01 12:19:50,40,40,0,0,PUT,24108.85,LOW_VOLATILITY,0,Rejected
2026-09-01 12:20:51,40,40,0,0,PUT,24108.25,LOW_VOLATILITY,0,Rejected
2026-09-01 12:21:51,40,40,0,0,PUT,24106.1,LOW_VOLATILITY,0,Rejected
2026-09-01 12:22:52,40,40,0,0,PUT,24107.15,LOW_VOLATILITY,0,Rejected
2026-09-01 12:23:52,40,40,0,0,PUT,24105.65,LOW_VOLATILITY,0,Rejected
2026-09-01 12:24:52,40,40,0,0,PUT,24099.9,LOW_VOLATILITY,0,Rejected
2026-09-01 12:25:53,40,40,0,0,PUT,24105.6,LOW_VOLATILITY,0,Rejected
2026-09-01 12:26:53,40,40,0,0,PUT,24106.1,LOW_VOLATILITY,0,Rejected
2026-09-01 12:27:53,40,40,0,0,PUT,24106.4,LOW_VOLATILITY,0,Rejected
2026-09-01 12:28:53,40,40,0,0,PUT,24108.9,LOW_VOLATILITY,0,Rejected
2026-09-01 12:29:53,40,40,0,0,PUT,24111.35,LOW_VOLATILITY,0,Rejected
2026-09-01 12:30:55,40,40,0,0,PUT,24110.05,LOW_VOLATILITY,0,Rejected
2026-09-01 12:31:55,40,40,0,0,CALL,24114.15,LOW_VOLATILITY,0,Rejected
2026-09-01 12:32:55,40,40,0,0,CALL,24110.7,LOW_VOLATILITY,0,Rejected
2026-09-01 12:33:55,40,40,0,0,PUT,24105.25,LOW_VOLATILITY,0,Rejected
2026-09-01 12:34:56,40,40,0,0,PUT,24106.55,LOW_VOLATILITY,0,Rejected
2026-09-01 12:35:56,40,40,0,0,PUT,24109.95,LOW_VOLATILITY,0,Rejected
2026-09-01 12:36:56,40,40,0,0,PUT,24105.5,LOW_VOLATILITY,0,Rejected
2026-09-01 12:37:56,40,40,0,0,PUT,24107.15,LOW_VOLATILITY,0,Rejected
2026-09-01 12:38:56,40,40,0,0,PUT,24106.9,LOW_VOLATILITY,0,Rejected
2026-09-01 12:39:57,40,40,0,0,PUT,24109.8,LOW_VOLATILITY,0,Rejected
2026-09-01 12:40:57,40,40,0,0,PUT,24112.35,LOW_VOLATILITY,0,Rejected
2026-09-01 12:41:57,40,40,0,0,CALL,24109.6,LOW_VOLATILITY,0,Rejected
2026-09-01 12:42:57,40,40,0,0,CALL,24115.05,LOW_VOLATILITY,0,Rejected
2026-09-01 12:43:57,40,40,0,0,CALL,24113.5,LOW_VOLATILITY,0,Rejected
2026-09-01 12:44:58,40,40,0,0,CALL,24114.2,LOW_VOLATILITY,0,Rejected
2026-09-01 12:45:58,40,40,0,0,PUT,24113.1,LOW_VOLATILITY,0,Rejected
2026-09-01 12:46:58,40,40,0,0,PUT,24109.5,LOW_VOLATILITY,0,Rejected
2026-09-01 12:47:58,40,40,0,0,PUT,24110.85,LOW_VOLATILITY,0,Rejected
2026-09-01 12:48:59,40,40,0,0,PUT,24109.85,LOW_VOLATILITY,0,Rejected
2026-09-01 12:49:59,40,40,0,0,PUT,24108.6,LOW_VOLATILITY,0,Rejected
2026-09-01 12:50:59,40,40,0,0,PUT,24106.4,LOW_VOLATILITY,0,Rejected
2026-09-01 13:04:27,30,25,0,5,NEUTRAL,24083,LOW_VOLATILITY,0,Rejected
2026-09-01 13:05:29,30,25,0,5,NEUTRAL,24078.15,LOW_VOLATILITY,0,Rejected
2026-09-01 13:06:29,25,25,0,0,NEUTRAL,24077.8,LOW_VOLATILITY,0,Rejected
2026-09-01 13:07:29,25,25,0,0,NEUTRAL,24072.15,LOW_VOLATILITY,0,Rejected
2026-09-01 13:08:29,25,25,0,0,NEUTRAL,24077.35,LOW_VOLATILITY,0,Rejected
2026-09-01 13:09:30,45,40,0,5,PUT,24076.1,LOW_VOLATILITY,0,Rejected
2026-09-01 13:10:30,25,25,0,0,NEUTRAL,24074,LOW_VOLATILITY,0,Rejected
2026-09-01 13:11:30,25,25,0,0,NEUTRAL,24068.55,LOW_VOLATILITY,0,Rejected
2026-09-01 13:12:30,48,40,0,8,PUT,24056.65,LOW_VOLATILITY,0,Rejected
2026-09-01 13:13:31,48,40,0,8,PUT,24057.9,LOW_VOLATILITY,0,Rejected
2026-09-01 13:14:31,48,40,0,8,PUT,24052.8,LOW_VOLATILITY,0,Rejected
2026-09-01 13:15:31,25,25,0,0,NEUTRAL,24046.65,LOW_VOLATILITY,0,Rejected
2026-09-01 13:16:31,25,25,0,0,NEUTRAL,24046.5,LOW_VOLATILITY,0,Rejected
2026-09-01 13:17:32,25,25,0,0,NEUTRAL,24044.5,LOW_VOLATILITY,0,Rejected
2026-09-01 13:18:32,25,25,0,0,NEUTRAL,24045.25,LOW_VOLATILITY,0,Rejected
2026-09-01 13:19:32,28,25,0,3,NEUTRAL,24049.6,LOW_VOLATILITY,0,Rejected
2026-09-01 13:20:32,40,40,0,0,PUT,24048.85,LOW_VOLATILITY,0,Rejected
2026-09-01 13:21:33,40,40,0,0,PUT,24055.9,LOW_VOLATILITY,0,Rejected
2026-09-01 13:22:33,50,50,0,0,CALL,24057.35,LOW_VOLATILITY,0,Rejected
2026-09-01 13:23:33,50,50,0,0,CALL,24056.4,LOW_VOLATILITY,0,Rejected
2026-09-01 13:24:33,50,50,0,0,CALL,24055.7,LOW_VOLATILITY,0,Rejected
2026-09-01 13:25:34,50,50,0,0,CALL,24056.55,LOW_VOLATILITY,0,Rejected
2026-09-01 13:26:34,50,50,0,0,CALL,24057.1,LOW_VOLATILITY,0,Rejected
2026-09-01 13:27:34,50,50,0,0,CALL,24052.1,LOW_VOLATILITY,0,Rejected
2026-09-01 13:28:34,40,40,0,0,PUT,24047.15,LOW_VOLATILITY,0,Rejected
2026-09-01 13:29:35,40,40,0,0,PUT,24050.5,LOW_VOLATILITY,0,Rejected
2026-09-01 13:30:35,40,40,0,0,CALL,24051.75,LOW_VOLATILITY,0,Rejected
2026-09-01 13:31:35,40,40,0,0,CALL,24061.05,LOW_VOLATILITY,0,Rejected
2026-09-01 13:32:35,40,40,0,0,CALL,24062,LOW_VOLATILITY,0,Rejected
2026-09-01 13:33:36,40,40,0,0,CALL,24058.9,LOW_VOLATILITY,0,Rejected
2026-09-01 13:34:36,40,40,0,0,CALL,24060.2,LOW_VOLATILITY,0,Rejected
2026-09-01 13:35:36,40,40,0,0,CALL,24063.35,LOW_VOLATILITY,0,Rejected
2026-09-01 13:36:36,40,40,0,0,CALL,24055.4,LOW_VOLATILITY,0,Rejected
2026-09-01 13:37:37,40,40,0,0,CALL,24044,LOW_VOLATILITY,0,Rejected
2026-09-01 13:38:37,40,40,0,0,PUT,24044.5,LOW_VOLATILITY,0,Rejected
2026-09-01 13:39:37,43,40,0,3,PUT,24040.95,LOW_VOLATILITY,0,Rejected
2026-09-01 13:40:37,40,40,0,0,PUT,24029.9,LOW_VOLATILITY,0,Rejected
2026-09-01 13:41:38,48,40,0,8,PUT,24024.5,LOW_VOLATILITY,0,Rejected
2026-09-01 13:42:38,48,40,0,8,PUT,24022.9,LOW_VOLATILITY,0,Rejected
2026-09-01 13:43:38,48,40,0,8,PUT,24025.7,LOW_VOLATILITY,0,Rejected
2026-09-01 13:44:38,48,40,0,8,PUT,24035.7,LOW_VOLATILITY,0,Rejected
2026-09-01 13:45:39,40,40,0,0,PUT,24026.2,LOW_VOLATILITY,0,Rejected
2026-09-01 13:46:39,40,40,0,0,PUT,24028.65,LOW_VOLATILITY,0,Rejected
2026-09-01 13:47:39,40,40,0,0,PUT,24019.65,LOW_VOLATILITY,0,Rejected
2026-09-01 13:48:39,40,40,0,0,PUT,24021.6,LOW_VOLATILITY,0,Rejected
2026-09-01 13:49:39,43,40,0,3,PUT,24019.8,LOW_VOLATILITY,0,Rejected
2026-09-01 13:50:40,35,40,0,0,PUT,24007.9,LOW_VOLATILITY,0,Rejected
2026-09-01 13:51:40,48,40,0,8,PUT,23990.55,LOW_VOLATILITY,0,Rejected
2026-09-01 13:52:40,48,40,0,8,PUT,23995.2,LOW_VOLATILITY,0,Rejected
2026-09-01 13:53:41,48,40,0,8,PUT,23991.45,LOW_VOLATILITY,0,Rejected
2026-09-01 13:54:41,48,40,0,8,PUT,23993,LOW_VOLATILITY,0,Rejected
2026-09-01 13:55:41,40,40,0,0,PUT,23991.85,LOW_VOLATILITY,0,Rejected
2026-09-01 13:56:41,25,25,0,0,NEUTRAL,23991,LOW_VOLATILITY,0,Rejected
2026-09-01 13:57:42,25,25,0,0,NEUTRAL,23999.5,LOW_VOLATILITY,0,Rejected
2026-09-01 13:58:42,35,40,0,0,PUT,24006.8,LOW_VOLATILITY,0,Rejected
2026-09-01 13:59:42,35,40,0,0,PUT,24002.45,LOW_VOLATILITY,0,Rejected
2026-09-02 10:04:13,30,30,0,0,CALL,23851.6,LOW_VOLATILITY,6,Rejected
2026-09-02 10:05:14,30,30,0,0,CALL,23855.6,LOW_VOLATILITY,6,Rejected
2026-09-02 10:06:14,30,30,0,0,CALL,23858.1,LOW_VOLATILITY,6,Rejected
2026-09-02 10:07:14,30,30,0,0,CALL,23859.5,LOW_VOLATILITY,6,Rejected
2026-09-02 10:08:14,30,30,0,0,CALL,23858.65,LOW_VOLATILITY,6,Rejected
2026-09-02 10:09:15,50,30,0,5,PUT,23848.95,LOW_VOLATILITY,6,Rejected
2026-09-02 10:13:57,18,15,0,3,NEUTRAL,23855.35,LOW_VOLATILITY,6,Rejected
2026-09-02 10:14:58,23,15,0,8,NEUTRAL,23848.35,LOW_VOLATILITY,6,Rejected
2026-09-02 10:15:58,30,30,0,0,CALL,23848.45,LOW_VOLATILITY,6,Rejected
2026-09-02 10:18:58,40,20,0,5,PUT,23852.6,LOW_VOLATILITY,6,Rejected
2026-09-02 10:19:59,40,20,0,5,PUT,23855.75,LOW_VOLATILITY,6,Rejected
2026-09-02 10:20:59,20,20,0,0,CALL,23863.3,LOW_VOLATILITY,6,Rejected
2026-09-02 10:21:59,20,20,0,0,CALL,23874.65,LOW_VOLATILITY,6,Rejected
2026-09-02 10:22:59,30,30,0,0,CALL,23875.7,LOW_VOLATILITY,6,Rejected
2026-09-02 10:23:59,38,30,0,8,CALL,23870.95,LOW_VOLATILITY,6,Rejected
2026-09-02 10:25:00,38,30,0,8,CALL,23876.55,LOW_VOLATILITY,6,Rejected
2026-09-02 10:26:00,30,30,0,0,CALL,23874.4,LOW_VOLATILITY,6,Rejected
2026-09-02 10:27:00,30,30,0,0,CALL,23875.65,LOW_VOLATILITY,6,Rejected
2026-09-02 10:28:00,30,30,0,0,CALL,23877.15,LOW_VOLATILITY,6,Rejected
2026-09-02 10:29:00,30,30,0,0,CALL,23875.95,LOW_VOLATILITY,6,Rejected
2026-09-02 10:30:01,30,30,0,0,CALL,23881.9,LOW_VOLATILITY,6,Rejected
2026-09-02 10:31:01,30,30,0,0,CALL,23885.6,LOW_VOLATILITY,6,Rejected
2026-09-02 10:32:01,30,30,0,0,CALL,23889.3,LOW_VOLATILITY,6,Rejected
2026-09-02 10:33:01,30,30,0,0,CALL,23885.55,LOW_VOLATILITY,6,Rejected
2026-09-02 10:34:01,30,30,0,0,CALL,23884.8,LOW_VOLATILITY,6,Rejected
2026-09-02 10:35:02,30,30,0,0,CALL,23880.4,LOW_VOLATILITY,6,Rejected
2026-09-02 10:36:02,30,30,0,0,CALL,23878,LOW_VOLATILITY,6,Rejected
2026-09-02 10:37:02,50,30,0,5,PUT,23874.95,LOW_VOLATILITY,6,Rejected
2026-09-02 10:38:02,50,30,0,5,PUT,23875,LOW_VOLATILITY,6,Rejected
2026-09-02 10:39:02,50,30,0,5,PUT,23870.05,LOW_VOLATILITY,6,Rejected
2026-09-02 10:40:03,50,30,0,5,PUT,23862.8,LOW_VOLATILITY,6,Rejected
2026-09-02 10:41:03,50,30,0,5,PUT,23865.9,LOW_VOLATILITY,6,Rejected
2026-09-02 10:42:03,50,30,0,5,PUT,23866.5,LOW_VOLATILITY,6,Rejected
2026-09-02 10:43:03,50,30,0,5,PUT,23866.85,LOW_VOLATILITY,6,Rejected
2026-09-02 10:44:03,50,30,0,5,PUT,23861.8,LOW_VOLATILITY,6,Rejected
2026-09-02 10:45:04,50,30,0,5,PUT,23862.5,LOW_VOLATILITY,6,Rejected
2026-09-02 10:46:04,50,30,0,5,PUT,23861.85,LOW_VOLATILITY,6,Rejected
2026-09-02 10:47:04,50,30,0,5,PUT,23859.35,LOW_VOLATILITY,6,Rejected
2026-09-02 10:48:04,50,30,0,5,PUT,23860.1,LOW_VOLATILITY,6,Rejected
2026-09-02 10:49:04,30,30,0,0,CALL,23863.7,LOW_VOLATILITY,6,Rejected
2026-09-02 10:50:05,30,30,0,0,CALL,23862.9,LOW_VOLATILITY,6,Rejected
2026-09-02 10:51:05,30,30,0,0,CALL,23869.75,LOW_VOLATILITY,6,Rejected
2026-09-02 10:52:05,30,30,0,0,CALL,23864.65,LOW_VOLATILITY,6,Rejected
2026-09-02 10:53:05,50,30,0,5,PUT,23848.05,LOW_VOLATILITY,6,Rejected
2026-09-02 10:54:06,50,30,0,5,PUT,23842.7,LOW_VOLATILITY,6,Rejected
2026-09-02 10:55:06,50,30,0,5,PUT,23855.4,LOW_VOLATILITY,6,Rejected
2026-09-02 10:56:06,50,30,0,5,PUT,23857.8,LOW_VOLATILITY,6,Rejected
2026-09-02 10:57:06,30,30,0,0,CALL,23863.6,LOW_VOLATILITY,6,Rejected
2026-09-02 10:58:06,30,30,0,0,CALL,23860.85,LOW_VOLATILITY,6,Rejected
2026-09-02 10:59:07,50,30,0,5,PUT,23860.7,LOW_VOLATILITY,6,Rejected
2026-09-02 11:00:07,50,30,0,5,PUT,23861.25,LOW_VOLATILITY,6,Rejected
2026-09-02 11:01:07,30,30,0,0,CALL,23860.65,LOW_VOLATILITY,6,Rejected
2026-09-02 11:02:07,30,30,0,0,CALL,23850.35,LOW_VOLATILITY,6,Rejected
2026-09-02 11:03:07,50,30,0,5,PUT,23844.65,LOW_VOLATILITY,6,Rejected
2026-09-02 11:04:08,50,30,0,5,PUT,23840.75,LOW_VOLATILITY,6,Rejected
2026-09-02 11:05:08,50,30,0,5,PUT,23837.35,LOW_VOLATILITY,6,Rejected
2026-09-02 11:06:08,50,30,0,5,PUT,23835.35,LOW_VOLATILITY,6,Rejected
2026-09-02 11:07:08,50,30,0,5,PUT,23833.8,LOW_VOLATILITY,6,Rejected
2026-09-02 11:08:09,50,30,0,5,PUT,23837.05,LOW_VOLATILITY,6,Rejected
2026-09-02 11:09:09,50,30,0,5,PUT,23833.7,LOW_VOLATILITY,6,Rejected
2026-09-02 11:10:09,50,30,0,5,PUT,23831.05,LOW_VOLATILITY,6,Rejected
2026-09-02 11:11:09,50,30,0,5,PUT,23833.4,LOW_VOLATILITY,6,Rejected
2026-09-02 11:12:11,50,30,0,5,PUT,23833.35,LOW_VOLATILITY,6,Rejected
2026-09-02 11:13:11,50,30,0,5,PUT,23829.85,LOW_VOLATILITY,6,Rejected
2026-09-02 11:14:11,50,30,0,5,PUT,23829.55,LOW_VOLATILITY,6,Rejected
2026-09-02 11:15:12,50,30,0,5,PUT,23832.65,LOW_VOLATILITY,6,Rejected
2026-09-02 11:16:12,50,30,0,5,PUT,23830.35,LOW_VOLATILITY,6,Rejected
2026-09-02 11:17:12,50,30,0,5,PUT,23828.15,LOW_VOLATILITY,6,Rejected
2026-09-02 11:18:12,50,30,0,5,PUT,23830.15,LOW_VOLATILITY,6,Rejected
2026-09-02 11:19:12,30,30,0,0,CALL,23839.75,LOW_VOLATILITY,6,Rejected
2026-09-02 11:20:12,30,30,0,0,CALL,23836.4,LOW_VOLATILITY,6,Rejected
2026-09-02 11:21:13,30,30,0,0,CALL,23833.05,LOW_VOLATILITY,6,Rejected
2026-09-02 11:22:13,30,30,0,0,CALL,23832.55,LOW_VOLATILITY,6,Rejected
2026-09-02 11:23:13,50,30,0,5,PUT,23826.7,LOW_VOLATILITY,6,Rejected
2026-09-02 11:24:13,50,30,0,5,PUT,23827.15,LOW_VOLATILITY,6,Rejected
2026-09-02 11:25:13,50,30,0,5,PUT,23824.55,LOW_VOLATILITY,6,Rejected
2026-09-02 11:26:14,50,30,0,5,PUT,23826.25,LOW_VOLATILITY,6,Rejected
2026-09-02 11:27:14,50,30,0,5,PUT,23823.3,LOW_VOLATILITY,6,Rejected
2026-09-02 11:28:14,50,30,0,5,PUT,23821.95,LOW_VOLATILITY,6,Rejected
2026-09-02 11:31:15,20,20,0,0,CALL,23819.85,LOW_VOLATILITY,6,Rejected
2026-09-02 11:32:15,25,20,0,0,CALL,23818,LOW_VOLATILITY,6,Rejected
2026-09-02 11:33:15,35,20,0,5,PUT,23813.15,LOW_VOLATILITY,6,Rejected
2026-09-02 11:34:16,35,20,0,5,PUT,23810.55,LOW_VOLATILITY,6,Rejected
2026-09-02 11:35:16,43,20,0,13,PUT,23816.7,LOW_VOLATILITY,6,Rejected
2026-09-02 11:36:16,35,20,0,5,PUT,23812.4,LOW_VOLATILITY,6,Rejected
2026-09-02 11:37:16,35,20,0,5,PUT,23812.8,LOW_VOLATILITY,6,Rejected
2026-09-02 11:38:16,35,20,0,5,PUT,23809.5,LOW_VOLATILITY,6,Rejected
2026-09-02 11:39:17,35,20,0,5,PUT,23817.7,LOW_VOLATILITY,6,Rejected
2026-09-02 11:40:17,35,20,0,5,PUT,23817.85,LOW_VOLATILITY,6,Rejected
2026-09-02 11:41:17,35,20,0,5,PUT,23814.65,LOW_VOLATILITY,6,Rejected
2026-09-02 11:42:17,35,20,0,5,PUT,23810.45,LOW_VOLATILITY,6,Rejected
2026-09-02 11:43:17,35,20,0,5,PUT,23811.45,LOW_VOLATILITY,6,Rejected
2026-09-02 11:44:18,35,20,0,5,PUT,23814.2,LOW_VOLATILITY,6,Rejected
2026-09-02 11:45:18,35,20,0,5,PUT,23811.55,LOW_VOLATILITY,6,Rejected
2026-09-02 11:46:18,35,20,0,5,PUT,23808.6,LOW_VOLATILITY,6,Rejected
2026-09-02 11:47:18,45,30,0,5,PUT,23809.15,LOW_VOLATILITY,6,Rejected
2026-09-02 11:48:18,45,30,0,5,PUT,23808.95,LOW_VOLATILITY,6,Rejected
2026-09-02 11:49:19,35,30,0,0,CALL,23812.45,LOW_VOLATILITY,6,Rejected
2026-09-02 11:50:19,38,30,0,3,CALL,23813.75,LOW_VOLATILITY,6,Rejected
2026-09-02 11:51:19,35,30,0,0,CALL,23813.15,LOW_VOLATILITY,6,Rejected
2026-09-02 11:52:19,30,30,0,0,CALL,23818.85,LOW_VOLATILITY,6,Rejected
2026-09-02 11:53:20,35,30,0,0,CALL,23812.5,LOW_VOLATILITY,6,Rejected
2026-09-02 11:54:20,33,30,0,3,CALL,23821.4,LOW_VOLATILITY,6,Rejected
2026-09-02 11:55:20,33,30,0,3,CALL,23829.1,LOW_VOLATILITY,6,Rejected
2026-09-02 11:56:20,30,30,0,0,CALL,23822.5,LOW_VOLATILITY,6,Rejected
2026-09-02 11:57:21,30,30,0,0,CALL,23817.35,LOW_VOLATILITY,6,Rejected
2026-09-02 11:58:21,35,30,0,0,CALL,23813.1,LOW_VOLATILITY,6,Rejected
2026-09-02 11:59:21,35,30,0,0,CALL,23811.05,LOW_VOLATILITY,6,Rejected
2026-09-02 12:00:21,35,30,0,0,CALL,23814.15,LOW_VOLATILITY,6,Rejected
2026-09-02 12:01:21,20,20,0,0,CALL,23816.65,LOW_VOLATILITY,6,Rejected
2026-09-02 12:02:22,25,20,0,0,CALL,23816.45,LOW_VOLATILITY,6,Rejected
2026-09-02 12:03:22,38,20,0,8,PUT,23814.55,LOW_VOLATILITY,6,Rejected
2026-09-02 12:04:22,43,20,0,13,PUT,23802.65,LOW_VOLATILITY,6,Rejected
2026-09-02 12:05:22,43,20,0,13,PUT,23806.8,LOW_VOLATILITY,6,Rejected
2026-09-02 12:06:23,35,20,0,5,PUT,23810.95,LOW_VOLATILITY,6,Rejected
2026-09-02 12:07:23,45,30,0,5,PUT,23808.95,LOW_VOLATILITY,6,Rejected
2026-09-02 12:08:23,45,30,0,5,PUT,23810,LOW_VOLATILITY,6,Rejected
2026-09-02 12:09:23,45,30,0,5,PUT,23810.85,LOW_VOLATILITY,6,Rejected
2026-09-02 12:10:23,45,30,0,5,PUT,23811.7,LOW_VOLATILITY,6,Rejected
2026-09-02 12:11:24,30,30,0,0,CALL,23821.6,LOW_VOLATILITY,6,Rejected
2026-09-02 12:12:25,38,30,0,8,CALL,23834.6,LOW_VOLATILITY,6,Rejected
2026-09-02 12:13:25,38,30,0,8,CALL,23837.8,LOW_VOLATILITY,6,Rejected
2026-09-03 10:48:40,18,15,0,3,NEUTRAL,23973.4,LOW_VOLATILITY,5,Rejected
2026-09-03 10:49:40,23,15,0,8,NEUTRAL,23970.7,LOW_VOLATILITY,5,Rejected
2026-09-03 10:52:41,30,30,0,0,CALL,23966.6,LOW_VOLATILITY,5,Rejected
2026-09-03 10:53:41,30,30,0,0,PUT,23962.05,LOW_VOLATILITY,5,Rejected
2026-09-03 10:54:41,30,30,0,0,PUT,23963,LOW_VOLATILITY,5,Rejected
2026-09-03 10:55:41,30,30,0,0,PUT,23956.35,LOW_VOLATILITY,5,Rejected
2026-09-03 10:56:41,30,30,0,0,PUT,23957.75,LOW_VOLATILITY,5,Rejected
2026-09-03 10:57:42,30,30,0,0,PUT,23963.2,LOW_VOLATILITY,5,Rejected
2026-09-03 10:58:42,30,30,0,0,PUT,23962.95,LOW_VOLATILITY,5,Rejected
2026-09-03 10:59:42,30,30,0,0,PUT,23964.55,LOW_VOLATILITY,5,Rejected
2026-09-03 11:00:42,30,30,0,0,PUT,23965.2,LOW_VOLATILITY,5,Rejected
2026-09-03 11:01:42,30,30,0,0,CALL,23964.3,LOW_VOLATILITY,5,Rejected
2026-09-03 11:02:43,30,30,0,0,CALL,23957.65,LOW_VOLATILITY,5,Rejected
2026-09-03 11:03:43,30,30,0,0,PUT,23957.5,LOW_VOLATILITY,5,Rejected
2026-09-03 11:04:43,30,30,0,0,PUT,23955.25,LOW_VOLATILITY,5,Rejected
2026-09-03 11:11:44,40,40,0,0,PUT,23935.4,LOW_VOLATILITY,5,Rejected
2026-09-03 11:12:45,40,40,0,0,PUT,23937.05,LOW_VOLATILITY,5,Rejected
2026-09-03 11:13:45,40,40,0,0,PUT,23932.85,LOW_VOLATILITY,5,Rejected
2026-09-03 11:14:45,40,40,0,0,PUT,23923.25,LOW_VOLATILITY,5,Rejected
2026-09-03 11:15:45,30,30,0,0,CALL,23924.85,LOW_VOLATILITY,5,Rejected
2026-09-03 11:16:46,30,30,0,0,CALL,23930.95,LOW_VOLATILITY,5,Rejected
2026-09-03 11:17:46,20,20,0,0,CALL,23939.45,LOW_VOLATILITY,5,Rejected
2026-09-03 11:18:46,20,20,0,0,CALL,23938.9,LOW_VOLATILITY,5,Rejected
2026-09-03 11:19:46,20,20,0,0,CALL,23944.5,LOW_VOLATILITY,5,Rejected
2026-09-03 11:20:46,20,20,0,0,CALL,23951.85,LOW_VOLATILITY,5,Rejected
2026-09-03 11:21:46,20,20,0,0,CALL,23947.75,LOW_VOLATILITY,5,Rejected
2026-09-03 11:22:47,20,20,0,0,CALL,23953.45,LOW_VOLATILITY,5,Rejected
2026-09-03 11:23:47,20,20,0,0,CALL,23959.5,LOW_VOLATILITY,5,Rejected
2026-09-03 11:24:47,20,20,0,0,CALL,23948.75,LOW_VOLATILITY,5,Rejected
2026-09-03 11:25:47,20,20,0,0,CALL,23952.5,LOW_VOLATILITY,5,Rejected
2026-09-03 11:26:47,20,20,0,0,CALL,23956.9,LOW_VOLATILITY,5,Rejected
2026-09-03 11:27:48,20,20,0,0,CALL,23961.95,LOW_VOLATILITY,5,Rejected
2026-09-03 11:28:48,20,20,0,0,CALL,23959.25,LOW_VOLATILITY,5,Rejected
2026-09-03 11:29:48,20,20,0,0,CALL,23961.45,LOW_VOLATILITY,5,Rejected
2026-09-03 11:30:48,20,20,0,0,CALL,23968.65,LOW_VOLATILITY,5,Rejected
2026-09-03 11:31:48,20,20,0,0,CALL,23969.45,LOW_VOLATILITY,5,Rejected
2026-09-03 11:32:49,20,20,0,0,CALL,23965.55,LOW_VOLATILITY,5,Rejected
2026-09-03 11:33:49,20,20,0,0,CALL,23964.25,LOW_VOLATILITY,5,Rejected
2026-09-03 11:34:49,20,20,0,0,CALL,23967.15,LOW_VOLATILITY,5,Rejected
2026-09-03 11:35:49,20,20,0,0,CALL,23974.2,LOW_VOLATILITY,5,Rejected
2026-09-03 11:36:49,20,20,0,0,CALL,23976.85,LOW_VOLATILITY,5,Rejected
2026-09-03 11:37:50,20,20,0,0,CALL,23971.55,LOW_VOLATILITY,5,Rejected
2026-09-03 11:38:50,20,20,0,0,CALL,23970,LOW_VOLATILITY,5,Rejected
2026-09-03 11:39:50,20,20,0,0,CALL,23966.4,LOW_VOLATILITY,5,Rejected
2026-09-03 11:40:50,20,20,0,0,CALL,23971.15,LOW_VOLATILITY,5,Rejected
2026-09-03 11:41:50,20,20,0,0,CALL,23962.8,LOW_VOLATILITY,5,Rejected
2026-09-03 11:42:51,20,20,0,0,CALL,23965.2,LOW_VOLATILITY,5,Rejected
2026-09-03 11:43:51,20,20,0,0,PUT,23960.25,LOW_VOLATILITY,5,Rejected
2026-09-03 11:44:51,20,20,0,0,PUT,23964.75,LOW_VOLATILITY,5,Rejected
2026-09-03 11:45:51,20,20,0,0,CALL,23971.6,LOW_VOLATILITY,5,Rejected
2026-09-03 11:46:51,20,20,0,0,CALL,23963.85,LOW_VOLATILITY,5,Rejected
2026-09-03 11:47:52,20,20,0,0,PUT,23959.25,LOW_VOLATILITY,5,Rejected
2026-09-03 11:48:53,20,20,0,0,PUT,23966.65,LOW_VOLATILITY,5,Rejected
2026-09-03 11:49:53,20,20,0,0,CALL,23965.6,LOW_VOLATILITY,5,Rejected
2026-09-03 11:50:53,20,20,0,0,CALL,23964.2,LOW_VOLATILITY,5,Rejected
2026-09-03 11:51:54,20,20,0,0,PUT,23960.15,LOW_VOLATILITY,5,Rejected
2026-09-03 11:52:54,20,20,0,0,PUT,23967.1,LOW_VOLATILITY,5,Rejected
2026-09-03 11:53:54,20,20,0,0,PUT,23956.5,LOW_VOLATILITY,5,Rejected
2026-09-03 11:54:54,20,20,0,0,PUT,23959.65,LOW_VOLATILITY,5,Rejected
2026-09-03 11:55:54,20,20,0,0,PUT,23952.8,LOW_VOLATILITY,5,Rejected
2026-09-03 11:56:55,20,20,0,0,PUT,23957.2,LOW_VOLATILITY,5,Rejected
2026-09-03 11:57:55,20,20,0,0,PUT,23955.7,LOW_VOLATILITY,5,Rejected
2026-09-03 11:58:55,20,20,0,0,PUT,23957.1,LOW_VOLATILITY,5,Rejected
2026-09-03 11:59:55,20,20,0,0,PUT,23958.1,LOW_VOLATILITY,5,Rejected
2026-09-03 12:00:55,20,20,0,0,PUT,23957.6,LOW_VOLATILITY,5,Rejected
2026-09-03 12:01:56,20,20,0,0,PUT,23941.95,LOW_VOLATILITY,5,Rejected
2026-09-03 12:02:56,20,20,0,0,PUT,23942.85,LOW_VOLATILITY,5,Rejected
2026-09-03 12:03:56,20,20,0,0,PUT,23937.15,LOW_VOLATILITY,5,Rejected
2026-09-03 12:04:56,28,20,0,8,PUT,23936.3,LOW_VOLATILITY,5,Rejected
2026-09-03 12:05:57,20,20,0,0,PUT,23936.8,LOW_VOLATILITY,5,Rejected
2026-09-03 12:06:57,20,20,0,0,PUT,23933.6,LOW_VOLATILITY,5,Rejected
2026-09-03 12:07:57,30,30,0,0,PUT,23932.1,LOW_VOLATILITY,5,Rejected
2026-09-03 12:08:57,30,30,0,0,PUT,23936.65,LOW_VOLATILITY,5,Rejected
2026-09-03 12:09:58,33,30,0,3,PUT,23929.15,LOW_VOLATILITY,5,Rejected
2026-09-03 12:10:58,30,30,0,0,PUT,23936.2,LOW_VOLATILITY,5,Rejected
2026-09-03 12:11:59,30,30,0,0,PUT,23931.05,LOW_VOLATILITY,5,Rejected
2026-09-03 12:13:00,30,30,0,0,PUT,23933.75,LOW_VOLATILITY,5,Rejected
2026-09-03 12:14:00,30,30,0,0,PUT,23937.05,LOW_VOLATILITY,5,Rejected
2026-09-03 12:15:00,30,30,0,0,PUT,23937.2,LOW_VOLATILITY,5,Rejected
2026-09-03 12:16:00,30,30,0,0,PUT,23933.5,LOW_VOLATILITY,5,Rejected
2026-09-03 12:17:01,30,30,0,0,PUT,23929.55,LOW_VOLATILITY,5,Rejected
2026-09-03 12:18:01,33,30,0,3,PUT,23923.75,LOW_VOLATILITY,5,Rejected
2026-09-03 12:19:01,38,30,0,8,PUT,23917.35,LOW_VOLATILITY,5,Rejected
2026-09-03 12:20:01,48,40,0,8,PUT,23918.95,LOW_VOLATILITY,5,Rejected
2026-09-03 12:21:01,40,40,0,0,PUT,23923,LOW_VOLATILITY,5,Rejected
2026-09-03 12:22:02,40,40,0,0,PUT,23920,LOW_VOLATILITY,5,Rejected
2026-09-03 12:23:02,40,40,0,0,PUT,23912.2,LOW_VOLATILITY,5,Rejected
2026-09-03 12:24:02,30,30,0,0,PUT,23910.5,LOW_VOLATILITY,5,Rejected
2026-09-03 12:25:02,38,30,0,8,PUT,23906.55,LOW_VOLATILITY,5,Rejected
2026-09-03 12:26:03,30,30,0,0,PUT,23912.6,LOW_VOLATILITY,5,Rejected
2026-09-03 12:27:03,30,30,0,0,PUT,23910.35,LOW_VOLATILITY,5,Rejected
2026-09-03 12:28:05,30,30,0,0,PUT,23908.9,LOW_VOLATILITY,5,Rejected
2026-09-03 12:29:05,30,30,0,0,PUT,23910.05,LOW_VOLATILITY,5,Rejected
2026-09-03 12:30:06,30,30,0,0,PUT,23906.6,LOW_VOLATILITY,5,Rejected
2026-09-03 12:31:06,30,30,0,0,PUT,23913.05,LOW_VOLATILITY,5,Rejected
2026-09-03 12:32:07,30,30,0,0,CALL,23916.9,LOW_VOLATILITY,5,Rejected
2026-09-03 12:33:07,30,30,0,0,CALL,23914.6,LOW_VOLATILITY,5,Rejected
2026-09-03 12:34:08,30,30,0,0,CALL,23909.05,LOW_VOLATILITY,5,Rejected
2026-09-03 12:35:08,30,30,0,0,CALL,23908.15,LOW_VOLATILITY,5,Rejected
2026-09-03 12:36:08,30,30,0,0,PUT,23907.1,LOW_VOLATILITY,5,Rejected
2026-09-03 12:37:08,30,30,0,0,PUT,23906.9,LOW_VOLATILITY,5,Rejected
2026-09-03 12:38:08,40,40,0,0,PUT,23907.9,LOW_VOLATILITY,5,Rejected
2026-09-03 12:39:09,40,40,0,0,PUT,23917.3,LOW_VOLATILITY,5,Rejected
2026-09-03 12:40:09,40,40,0,0,CALL,23915.1,LOW_VOLATILITY,5,Rejected
2026-09-03 12:41:09,40,40,0,0,CALL,23915.95,LOW_VOLATILITY,5,Rejected
2026-09-03 12:42:10,40,40,0,0,CALL,23913.1,LOW_VOLATILITY,5,Rejected
2026-09-03 12:43:11,40,40,0,0,CALL,23909.05,LOW_VOLATILITY,5,Rejected
2026-09-03 12:44:11,40,40,0,0,CALL,23910.6,LOW_VOLATILITY,5,Rejected
2026-09-03 12:45:11,40,40,0,0,CALL,23909.55,LOW_VOLATILITY,5,Rejected
2026-09-03 12:46:11,30,30,0,0,CALL,23913.95,LOW_VOLATILITY,5,Rejected
2026-09-03 12:47:11,30,30,0,0,CALL,23913.1,LOW_VOLATILITY,5,Rejected
2026-09-03 12:48:11,30,30,0,0,CALL,23911.9,LOW_VOLATILITY,5,Rejected
2026-09-03 12:49:13,30,30,0,0,CALL,23913.15,LOW_VOLATILITY,5,Rejected
2026-09-03 12:50:14,30,30,0,0,CALL,23912.3,LOW_VOLATILITY,5,Rejected
2026-09-03 12:51:14,30,30,0,0,CALL,23914.95,LOW_VOLATILITY,5,Rejected
2026-09-03 12:52:15,30,30,0,0,CALL,23919.95,LOW_VOLATILITY,5,Rejected
2026-09-03 12:53:15,30,30,0,0,CALL,23921.25,LOW_VOLATILITY,5,Rejected
2026-09-03 12:54:15,30,30,0,0,CALL,23929.45,LOW_VOLATILITY,5,Rejected
2026-09-03 12:55:15,38,30,0,8,CALL,23924.1,LOW_VOLATILITY,5,Rejected
2026-09-03 12:56:15,30,30,0,0,CALL,23919.35,LOW_VOLATILITY,5,Rejected
2026-09-03 12:57:16,30,30,0,0,CALL,23924.15,LOW_VOLATILITY,5,Rejected
2026-09-03 12:58:16,30,30,0,0,CALL,23926.85,LOW_VOLATILITY,5,Rejected
2026-09-03 12:59:16,30,30,0,0,CALL,23922.5,LOW_VOLATILITY,5,Rejected
2026-09-03 13:00:16,33,30,0,3,CALL,23920.75,LOW_VOLATILITY,5,Rejected
2026-09-03 13:01:16,30,30,0,0,CALL,23916.15,LOW_VOLATILITY,5,Rejected
2026-09-03 13:02:17,30,30,0,0,PUT,23916.95,LOW_VOLATILITY,5,Rejected
2026-09-03 13:03:17,30,30,0,0,PUT,23918.7,LOW_VOLATILITY,5,Rejected
2026-09-03 13:04:17,30,30,0,0,PUT,23918.1,LOW_VOLATILITY,5,Rejected
2026-09-03 13:05:17,30,30,0,0,PUT,23922.35,LOW_VOLATILITY,5,Rejected
2026-09-03 13:06:18,30,30,0,0,CALL,23924.65,LOW_VOLATILITY,5,Rejected
2026-09-03 13:07:18,30,30,0,0,CALL,23924.55,LOW_VOLATILITY,5,Rejected
2026-09-03 13:08:18,30,30,0,0,CALL,23923.55,LOW_VOLATILITY,5,Rejected
2026-09-03 13:09:18,30,30,0,0,CALL,23918.45,LOW_VOLATILITY,5,Rejected
2026-09-03 13:10:18,30,30,0,0,CALL,23921.35,LOW_VOLATILITY,5,Rejected
2026-09-03 13:11:19,30,30,0,0,CALL,23927.6,LOW_VOLATILITY,5,Rejected
2026-09-03 13:12:19,30,30,0,0,CALL,23931.6,LOW_VOLATILITY,5,Rejected
2026-09-03 13:13:19,30,30,0,0,CALL,23928.05,LOW_VOLATILITY,5,Rejected
2026-09-03 13:14:19,30,30,0,0,CALL,23926.25,LOW_VOLATILITY,5,Rejected
2026-09-03 13:15:20,30,30,0,0,CALL,23925.8,LOW_VOLATILITY,5,Rejected
2026-09-03 13:16:20,30,30,0,0,PUT,23925.95,LOW_VOLATILITY,5,Rejected
2026-09-03 13:17:20,30,30,0,0,PUT,23927.05,LOW_VOLATILITY,5,Rejected
2026-09-03 13:18:20,30,30,0,0,CALL,23936.45,LOW_VOLATILITY,5,Rejected
2026-09-03 13:19:20,30,30,0,0,CALL,23929.25,LOW_VOLATILITY,5,Rejected
2026-09-03 13:20:21,30,30,0,0,CALL,23929.45,LOW_VOLATILITY,5,Rejected
2026-09-03 13:21:21,30,30,0,0,CALL,23926.85,LOW_VOLATILITY,5,Rejected
2026-09-03 13:22:21,30,30,0,0,CALL,23925.2,LOW_VOLATILITY,5,Rejected
2026-09-03 13:23:21,30,30,0,0,CALL,23925.35,LOW_VOLATILITY,5,Rejected
2026-09-03 13:24:21,30,30,0,0,PUT,23919.25,LOW_VOLATILITY,5,Rejected
2026-09-03 13:25:22,33,30,0,3,PUT,23909.25,LOW_VOLATILITY,5,Rejected
2026-09-03 13:26:22,38,30,0,8,PUT,23906.3,LOW_VOLATILITY,5,Rejected
2026-09-03 13:27:22,38,30,0,8,PUT,23909.35,LOW_VOLATILITY,5,Rejected
2026-09-03 13:28:22,48,40,0,8,PUT,23913.35,LOW_VOLATILITY,5,Rejected
2026-09-03 13:29:23,48,40,0,8,PUT,23911.5,LOW_VOLATILITY,5,Rejected
2026-09-03 13:30:23,48,40,0,8,PUT,23913.4,LOW_VOLATILITY,5,Rejected
2026-09-03 13:31:23,40,40,0,0,PUT,23920.85,LOW_VOLATILITY,5,Rejected
2026-09-03 13:32:23,30,30,0,0,CALL,23914.7,LOW_VOLATILITY,5,Rejected
2026-09-03 13:33:23,30,30,0,0,CALL,23921.15,LOW_VOLATILITY,5,Rejected
2026-09-03 13:34:24,30,30,0,0,CALL,23930.65,LOW_VOLATILITY,5,Rejected
2026-09-03 13:35:24,30,30,0,0,CALL,23931.5,LOW_VOLATILITY,5,Rejected
2026-09-03 13:36:24,30,30,0,0,CALL,23932.7,LOW_VOLATILITY,5,Rejected
2026-09-03 13:37:24,30,30,0,0,CALL,23924.4,LOW_VOLATILITY,5,Rejected
2026-09-03 13:38:25,30,30,0,0,CALL,23920.25,LOW_VOLATILITY,5,Rejected
2026-09-03 13:39:25,30,30,0,0,CALL,23918.5,LOW_VOLATILITY,5,Rejected
2026-09-03 13:40:25,30,30,0,0,CALL,23907.8,LOW_VOLATILITY,5,Rejected
2026-09-03 13:41:25,30,30,0,0,CALL,23911.15,LOW_VOLATILITY,5,Rejected
2026-09-03 13:42:25,30,30,0,0,PUT,23907.55,LOW_VOLATILITY,5,Rejected
2026-09-03 13:43:26,30,30,0,0,PUT,23908.55,LOW_VOLATILITY,5,Rejected
2026-09-03 13:44:26,30,30,0,0,PUT,23904.2,LOW_VOLATILITY,5,Rejected
2026-09-03 13:45:26,30,30,0,0,PUT,23904.55,LOW_VOLATILITY,5,Rejected
2026-09-03 13:46:27,30,30,0,0,PUT,23905.85,LOW_VOLATILITY,5,Rejected
2026-09-03 13:47:27,30,30,0,0,PUT,23899.05,LOW_VOLATILITY,5,Rejected
2026-09-03 13:48:27,30,30,0,0,PUT,23898.4,LOW_VOLATILITY,5,Rejected
2026-09-03 13:49:29,30,30,0,0,PUT,23906.2,LOW_VOLATILITY,5,Rejected
2026-09-03 13:50:29,40,40,0,0,CALL,23915.8,LOW_VOLATILITY,5,Rejected
2026-09-03 13:51:29,40,40,0,0,CALL,23913.45,LOW_VOLATILITY,5,Rejected
2026-09-03 13:52:29,40,40,0,0,CALL,23911.3,LOW_VOLATILITY,5,Rejected
2026-09-03 13:53:29,40,40,0,0,CALL,23901.5,LOW_VOLATILITY,5,Rejected
2026-09-03 13:54:30,40,40,0,0,PUT,23904.25,LOW_VOLATILITY,5,Rejected
2026-09-03 13:55:30,40,40,0,0,PUT,23903.95,LOW_VOLATILITY,5,Rejected
2026-09-03 13:56:30,40,40,0,0,PUT,23907,LOW_VOLATILITY,5,Rejected
2026-09-03 13:57:30,40,40,0,0,PUT,23914.3,LOW_VOLATILITY,5,Rejected
2026-09-03 13:58:30,40,40,0,0,CALL,23916.3,LOW_VOLATILITY,5,Rejected
2026-09-03 13:59:31,40,40,0,0,CALL,23918.8,LOW_VOLATILITY,5,Rejected
2026-09-03 14:00:31,30,30,0,0,PUT,23917.3,LOW_VOLATILITY,5,Rejected
2026-09-03 14:01:31,30,30,0,0,PUT,23914.95,LOW_VOLATILITY,5,Rejected
2026-09-03 14:02:31,30,30,0,0,PUT,23904.95,LOW_VOLATILITY,5,Rejected
2026-09-03 14:03:32,30,30,0,0,PUT,23908.25,LOW_VOLATILITY,5,Rejected
2026-09-03 14:04:32,30,30,0,0,CALL,23919.55,LOW_VOLATILITY,5,Rejected
2026-09-03 14:05:32,30,30,0,0,CALL,23914.95,LOW_VOLATILITY,5,Rejected
2026-09-03 14:06:32,30,30,0,0,PUT,23911.8,LOW_VOLATILITY,5,Rejected
2026-09-03 14:07:33,30,30,0,0,PUT,23909.4,LOW_VOLATILITY,5,Rejected
2026-09-03 14:08:33,30,30,0,0,PUT,23909.6,LOW_VOLATILITY,5,Rejected
2026-09-03 14:09:33,30,30,0,0,PUT,23911.4,LOW_VOLATILITY,5,Rejected
2026-09-03 14:10:33,30,30,0,0,PUT,23912,LOW_VOLATILITY,5,Rejected
2026-09-03 14:11:34,30,30,0,0,PUT,23914.05,LOW_VOLATILITY,5,Rejected
2026-09-03 14:12:34,30,30,0,0,PUT,23915.4,LOW_VOLATILITY,5,Rejected
2026-09-03 14:13:34,30,30,0,0,PUT,23917.1,LOW_VOLATILITY,5,Rejected
2026-09-03 14:14:35,30,30,0,0,PUT,23912.65,LOW_VOLATILITY,5,Rejected
2026-09-03 14:15:35,30,30,0,0,PUT,23907.05,LOW_VOLATILITY,5,Rejected
2026-09-03 14:16:35,30,30,0,0,PUT,23909.85,LOW_VOLATILITY,5,Rejected
2026-09-03 14:17:35,30,30,0,0,PUT,23909.8,LOW_VOLATILITY,5,Rejected
2026-09-03 14:18:35,30,30,0,0,PUT,23911.4,LOW_VOLATILITY,5,Rejected
2026-09-03 14:19:36,30,30,0,0,PUT,23912.6,LOW_VOLATILITY,5,Rejected
2026-09-03 14:20:36,30,30,0,0,CALL,23916.8,LOW_VOLATILITY,5,Rejected
2026-09-03 14:21:36,30,30,0,0,CALL,23920.45,LOW_VOLATILITY,5,Rejected
2026-09-03 14:22:36,33,30,0,3,PUT,23916.6,LOW_VOLATILITY,5,Rejected
2026-09-03 14:23:37,33,30,0,3,PUT,23914.15,LOW_VOLATILITY,5,Rejected
2026-09-03 14:24:37,33,30,0,3,PUT,23911.35,LOW_VOLATILITY,5,Rejected
2026-09-03 14:25:37,30,30,0,0,PUT,23912.45,LOW_VOLATILITY,5,Rejected
2026-09-03 14:26:37,30,30,0,0,CALL,23912.65,LOW_VOLATILITY,5,Rejected
2026-09-03 14:27:38,30,30,0,0,CALL,23915.6,LOW_VOLATILITY,5,Rejected
2026-09-03 14:28:38,30,30,0,0,CALL,23919.75,LOW_VOLATILITY,5,Rejected
2026-09-03 14:29:38,30,30,0,0,CALL,23929.75,LOW_VOLATILITY,5,Rejected
2026-09-03 14:30:38,30,30,0,0,PUT,23921,LOW_VOLATILITY,5,Rejected
2026-09-03 14:31:39,30,30,0,0,PUT,23917.85,LOW_VOLATILITY,5,Rejected
2026-09-03 14:32:39,30,30,0,0,PUT,23918.3,LOW_VOLATILITY,5,Rejected
2026-09-03 14:33:39,33,30,0,3,PUT,23916.7,LOW_VOLATILITY,5,Rejected
2026-09-03 14:34:40,33,30,0,3,PUT,23915.8,LOW_VOLATILITY,5,Rejected
2026-09-03 14:35:40,30,30,0,0,PUT,23912.95,LOW_VOLATILITY,5,Rejected
2026-09-03 14:36:40,30,30,0,0,PUT,23914.6,LOW_VOLATILITY,5,Rejected
2026-09-03 14:37:40,30,30,0,0,PUT,23915.6,LOW_VOLATILITY,5,Rejected
2026-09-03 14:38:41,30,30,0,0,PUT,23910.5,LOW_VOLATILITY,5,Rejected
2026-09-03 14:39:41,38,30,0,8,PUT,23909.3,LOW_VOLATILITY,5,Rejected
2026-09-03 14:40:41,30,30,0,0,PUT,23904.7,LOW_VOLATILITY,5,Rejected
2026-09-03 14:41:41,30,30,0,0,PUT,23904.85,LOW_VOLATILITY,5,Rejected
2026-09-03 14:42:42,38,30,0,8,PUT,23908.9,LOW_VOLATILITY,5,Rejected
2026-09-03 14:43:42,38,30,0,8,PUT,23905.15,LOW_VOLATILITY,5,Rejected
2026-09-03 14:44:42,38,30,0,8,PUT,23908.2,LOW_VOLATILITY,5,Rejected
2026-09-03 14:45:42,30,30,0,0,PUT,23910.7,LOW_VOLATILITY,5,Rejected
2026-09-03 14:46:43,30,30,0,0,PUT,23903.05,LOW_VOLATILITY,5,Rejected
2026-09-03 14:47:43,38,30,0,8,PUT,23902.8,LOW_VOLATILITY,5,Rejected
2026-09-03 14:48:43,38,30,0,8,CALL,23907.3,LOW_VOLATILITY,5,Rejected
2026-09-03 14:49:44,38,30,0,8,CALL,23909.2,LOW_VOLATILITY,5,Rejected
2026-09-03 14:50:45,30,30,0,0,CALL,23913.05,LOW_VOLATILITY,5,Rejected
2026-09-03 14:51:45,30,30,0,0,CALL,23908.65,LOW_VOLATILITY,5,Rejected
2026-09-03 14:52:45,30,30,0,0,CALL,23910.4,LOW_VOLATILITY,5,Rejected
2026-09-03 14:53:45,30,30,0,0,CALL,23909.3,LOW_VOLATILITY,5,Rejected
2026-09-03 14:54:46,33,30,0,3,CALL,23908.8,LOW_VOLATILITY,5,Rejected
2026-09-03 14:55:46,30,30,0,0,CALL,23907.1,LOW_VOLATILITY,5,Rejected
2026-09-03 14:56:46,30,30,0,0,PUT,23902.15,LOW_VOLATILITY,5,Rejected
2026-09-03 14:57:46,30,30,0,0,PUT,23899.7,LOW_VOLATILITY,5,Rejected
2026-09-03 14:58:47,38,30,0,8,PUT,23897.3,LOW_VOLATILITY,5,Rejected
2026-09-03 14:59:47,38,30,0,8,PUT,23901.85,LOW_VOLATILITY,5,Rejected
2026-09-04 10:56:41,20,20,0,0,CALL,23961.8,LOW_VOLATILITY,4,Rejected
2026-09-04 10:59:42,23,20,0,3,CALL,23966.35,LOW_VOLATILITY,4,Rejected
2026-09-04 11:00:42,20,20,0,0,CALL,23970.05,LOW_VOLATILITY,4,Rejected
2026-09-04 11:02:43,23,15,0,8,NEUTRAL,23963.85,LOW_VOLATILITY,4,Rejected
2026-09-04 11:03:43,38,30,0,8,PUT,23962.65,LOW_VOLATILITY,4,Rejected
2026-09-04 11:04:43,38,30,0,8,PUT,23966.55,LOW_VOLATILITY,4,Rejected
2026-09-04 11:05:43,30,30,0,0,PUT,23964.85,LOW_VOLATILITY,4,Rejected
2026-09-04 11:06:44,30,30,0,0,PUT,23962.35,LOW_VOLATILITY,4,Rejected
2026-09-04 11:07:44,30,30,0,0,PUT,23967.1,LOW_VOLATILITY,4,Rejected
2026-09-04 11:08:44,30,30,0,0,PUT,23968.75,LOW_VOLATILITY,4,Rejected
2026-09-04 11:09:45,30,30,0,0,CALL,23971.75,LOW_VOLATILITY,4,Rejected
2026-09-04 11:10:45,30,30,0,0,CALL,23971.4,LOW_VOLATILITY,4,Rejected
2026-09-04 11:11:45,20,20,0,0,CALL,23972.4,LOW_VOLATILITY,4,Rejected
2026-09-04 11:12:45,20,20,0,0,CALL,23969.35,LOW_VOLATILITY,4,Rejected
2026-09-04 11:13:46,30,30,0,0,PUT,23963.9,LOW_VOLATILITY,4,Rejected
2026-09-04 11:14:46,30,30,0,0,PUT,23965.55,LOW_VOLATILITY,4,Rejected
2026-09-04 11:15:46,20,20,0,0,PUT,23963.5,LOW_VOLATILITY,4,Rejected
2026-09-04 11:16:46,20,20,0,0,PUT,23963.8,LOW_VOLATILITY,4,Rejected
2026-09-04 11:17:47,20,20,0,0,PUT,23965.95,LOW_VOLATILITY,4,Rejected
2026-09-04 11:18:47,20,20,0,0,PUT,23969.9,LOW_VOLATILITY,4,Rejected
2026-09-04 11:19:47,20,20,0,0,CALL,23972.55,LOW_VOLATILITY,4,Rejected
2026-09-04 11:20:47,20,20,0,0,CALL,23972.85,LOW_VOLATILITY,4,Rejected
2026-09-04 11:21:48,20,20,0,0,CALL,23978.85,LOW_VOLATILITY,4,Rejected
2026-09-04 11:22:48,25,20,0,5,CALL,23982.85,LOW_VOLATILITY,4,Rejected
2026-09-04 11:23:48,25,20,0,5,CALL,23983.95,LOW_VOLATILITY,4,Rejected
2026-09-04 11:24:48,25,20,0,5,CALL,23979.65,LOW_VOLATILITY,4,Rejected
2026-09-04 11:25:48,20,20,0,0,CALL,23984.6,LOW_VOLATILITY,4,Rejected
2026-09-04 11:28:49,20,20,0,5,CALL,23986,LOW_VOLATILITY,4,Rejected
2026-09-04 11:29:49,25,20,0,5,CALL,23982.85,LOW_VOLATILITY,4,Rejected
2026-09-04 11:30:50,20,20,0,0,CALL,23985.55,LOW_VOLATILITY,4,Rejected
2026-09-04 11:31:50,30,30,0,0,CALL,23984.7,LOW_VOLATILITY,4,Rejected
2026-09-04 11:32:50,25,30,0,0,CALL,23987.6,LOW_VOLATILITY,4,Rejected
2026-09-04 11:33:50,35,40,0,0,CALL,23987.65,LOW_VOLATILITY,4,Rejected
2026-09-04 11:34:51,35,40,0,0,CALL,23987.15,LOW_VOLATILITY,4,Rejected
2026-09-04 11:35:51,35,40,0,0,CALL,23987.9,LOW_VOLATILITY,4,Rejected
2026-09-04 11:36:51,35,40,0,0,CALL,23987.45,LOW_VOLATILITY,4,Rejected
2026-09-04 11:37:51,40,40,0,0,CALL,23985.95,LOW_VOLATILITY,4,Rejected
2026-09-04 11:38:52,35,40,0,0,CALL,23994.8,LOW_VOLATILITY,4,Rejected
2026-09-04 11:39:52,30,30,0,0,CALL,24000.05,LOW_VOLATILITY,4,Rejected
2026-09-04 11:40:52,25,30,0,0,CALL,23999,LOW_VOLATILITY,4,Rejected
2026-09-04 11:41:52,25,30,0,0,CALL,23993,LOW_VOLATILITY,4,Rejected
2026-09-04 11:42:53,30,30,0,0,CALL,23985.3,LOW_VOLATILITY,4,Rejected
2026-09-04 11:43:53,40,40,0,0,CALL,23983.6,LOW_VOLATILITY,4,Rejected
2026-09-04 11:44:53,40,40,0,0,CALL,23981.85,LOW_VOLATILITY,4,Rejected
2026-09-04 11:45:54,30,30,0,0,CALL,23981.2,LOW_VOLATILITY,4,Rejected
2026-09-04 11:46:54,30,30,0,0,CALL,23982.55,LOW_VOLATILITY,4,Rejected
2026-09-04 11:47:54,30,30,0,0,CALL,23981.5,LOW_VOLATILITY,4,Rejected
2026-09-04 11:48:54,30,30,0,0,CALL,23980.25,LOW_VOLATILITY,4,Rejected
2026-09-04 11:49:55,30,30,0,0,CALL,23984.4,LOW_VOLATILITY,4,Rejected
2026-09-04 11:50:55,25,30,0,0,CALL,23988.65,LOW_VOLATILITY,4,Rejected
2026-09-04 11:51:55,25,30,0,0,CALL,23988.8,LOW_VOLATILITY,4,Rejected
2026-09-04 11:52:57,25,30,0,0,CALL,23986.35,LOW_VOLATILITY,4,Rejected
2026-09-04 11:53:57,30,30,0,0,CALL,23984.75,LOW_VOLATILITY,4,Rejected
2026-09-04 11:54:57,30,30,0,0,CALL,23985.15,LOW_VOLATILITY,4,Rejected
2026-09-04 11:55:57,30,30,0,0,CALL,23985.65,LOW_VOLATILITY,4,Rejected
2026-09-04 11:56:58,30,30,0,0,CALL,23984.05,LOW_VOLATILITY,4,Rejected
2026-09-04 11:57:58,30,30,0,0,CALL,23986.1,LOW_VOLATILITY,4,Rejected
2026-09-04 11:58:58,30,30,0,0,CALL,23981.95,LOW_VOLATILITY,4,Rejected
2026-09-04 11:59:58,30,30,0,0,PUT,23978.85,LOW_VOLATILITY,4,Rejected
2026-09-04 12:00:59,30,30,0,0,PUT,23973.6,LOW_VOLATILITY,4,Rejected
2026-09-04 12:01:59,30,30,0,0,PUT,23971.2,LOW_VOLATILITY,4,Rejected
2026-09-04 12:02:59,30,30,0,0,PUT,23968.65,LOW_VOLATILITY,4,Rejected
2026-09-04 12:03:59,30,30,0,0,PUT,23963.45,LOW_VOLATILITY,4,Rejected
2026-09-04 12:05:00,30,30,0,0,PUT,23959.3,LOW_VOLATILITY,4,Rejected
2026-09-04 12:06:00,30,30,0,0,PUT,23960.85,LOW_VOLATILITY,4,Rejected
2026-09-04 12:07:00,30,30,0,0,PUT,23959.05,LOW_VOLATILITY,4,Rejected
2026-09-04 12:08:00,30,30,0,0,PUT,23959.15,LOW_VOLATILITY,4,Rejected
2026-09-04 12:09:01,30,30,0,0,PUT,23963.4,LOW_VOLATILITY,4,Rejected
2026-09-04 12:10:01,30,30,0,0,PUT,23965.05,LOW_VOLATILITY,4,Rejected
2026-09-04 12:11:01,30,30,0,0,PUT,23954.5,LOW_VOLATILITY,4,Rejected
2026-09-04 12:12:01,30,30,0,0,PUT,23953.45,LOW_VOLATILITY,4,Rejected
2026-09-04 12:13:02,30,30,0,0,PUT,23952.25,LOW_VOLATILITY,4,Rejected
2026-09-04 12:15:02,30,30,0,0,PUT,23951.65,LOW_VOLATILITY,4,Rejected
2026-09-04 12:18:03,30,30,0,0,PUT,23950.15,LOW_VOLATILITY,4,Rejected
2026-09-04 12:19:03,30,30,0,0,PUT,23951.95,LOW_VOLATILITY,4,Rejected
2026-09-04 12:20:04,30,30,0,0,PUT,23949.1,LOW_VOLATILITY,4,Rejected
2026-09-04 12:21:04,30,30,0,0,PUT,23945.4,LOW_VOLATILITY,4,Rejected
2026-09-04 12:22:04,30,30,0,0,PUT,23944.25,LOW_VOLATILITY,4,Rejected
2026-09-04 12:23:04,30,30,0,0,PUT,23942.2,LOW_VOLATILITY,4,Rejected
2026-09-04 12:24:05,30,30,0,0,PUT,23944.75,LOW_VOLATILITY,4,Rejected
2026-09-04 12:25:05,30,30,0,0,PUT,23938.35,LOW_VOLATILITY,4,Rejected
2026-09-04 12:26:05,30,30,0,0,PUT,23941.4,LOW_VOLATILITY,4,Rejected
2026-09-04 12:27:05,30,30,0,0,PUT,23945.15,LOW_VOLATILITY,4,Rejected
2026-09-04 12:28:06,30,30,0,0,PUT,23945.45,LOW_VOLATILITY,4,Rejected
2026-09-04 12:29:06,38,30,0,8,PUT,23949.7,LOW_VOLATILITY,4,Rejected
2026-09-04 12:30:06,38,30,0,8,PUT,23946.3,LOW_VOLATILITY,4,Rejected
2026-09-04 12:31:07,30,30,0,0,PUT,23944.2,LOW_VOLATILITY,4,Rejected
2026-09-04 12:32:07,20,20,0,0,PUT,23945.1,LOW_VOLATILITY,4,Rejected
2026-09-04 12:33:07,20,20,0,0,PUT,23947.55,LOW_VOLATILITY,4,Rejected
2026-09-04 12:34:07,20,20,0,0,PUT,23946.25,LOW_VOLATILITY,4,Rejected
2026-09-04 12:35:08,20,20,0,0,PUT,23946,LOW_VOLATILITY,4,Rejected
2026-09-04 12:36:08,20,20,0,0,PUT,23945,LOW_VOLATILITY,4,Rejected
2026-09-04 12:37:08,20,20,0,0,PUT,23940.25,LOW_VOLATILITY,4,Rejected
2026-09-04 12:38:09,23,20,0,3,PUT,23938.55,LOW_VOLATILITY,4,Rejected
2026-09-04 12:39:09,23,20,0,3,PUT,23940.95,LOW_VOLATILITY,4,Rejected
2026-09-04 12:40:09,23,20,0,3,PUT,23943.05,LOW_VOLATILITY,4,Rejected
2026-09-04 12:41:10,20,20,0,0,PUT,23946,LOW_VOLATILITY,4,Rejected
2026-09-04 12:42:10,20,20,0,0,PUT,23942.85,LOW_VOLATILITY,4,Rejected
2026-09-04 12:43:10,20,20,0,0,PUT,23943.6,LOW_VOLATILITY,4,Rejected
2026-09-04 12:44:11,20,20,0,0,PUT,23940.35,LOW_VOLATILITY,4,Rejected
2026-09-04 12:45:11,20,20,0,0,PUT,23939.75,LOW_VOLATILITY,4,Rejected
2026-09-04 12:46:11,20,20,0,0,CALL,23940.25,LOW_VOLATILITY,4,Rejected
2026-09-04 12:47:11,20,20,0,0,CALL,23936.55,LOW_VOLATILITY,4,Rejected
2026-09-04 12:48:12,30,30,0,0,PUT,23938.2,LOW_VOLATILITY,4,Rejected
2026-09-04 12:49:12,30,30,0,0,PUT,23941.15,LOW_VOLATILITY,4,Rejected
2026-09-04 12:50:13,30,30,0,0,CALL,23941.55,LOW_VOLATILITY,4,Rejected
2026-09-04 12:51:13,30,30,0,0,CALL,23939.4,LOW_VOLATILITY,4,Rejected
2026-09-04 12:52:13,30,30,0,0,CALL,23939.95,LOW_VOLATILITY,4,Rejected
2026-09-04 12:53:17,30,30,0,0,CALL,23944.75,LOW_VOLATILITY,4,Rejected
2026-09-04 12:54:17,30,30,0,0,CALL,23943.25,LOW_VOLATILITY,4,Rejected
2026-09-04 12:55:17,30,30,0,0,CALL,23939.8,LOW_VOLATILITY,4,Rejected
2026-09-04 12:56:17,30,30,0,0,PUT,23938.55,LOW_VOLATILITY,4,Rejected
2026-09-04 12:57:18,30,30,0,0,PUT,23932.5,LOW_VOLATILITY,4,Rejected
2026-09-04 12:58:18,33,30,0,3,PUT,23930.55,LOW_VOLATILITY,4,Rejected
2026-09-04 12:59:18,38,30,0,8,PUT,23933.9,LOW_VOLATILITY,4,Rejected
2026-09-04 13:00:18,38,30,0,8,PUT,23936.35,LOW_VOLATILITY,4,Rejected
2026-09-04 13:01:19,30,30,0,0,PUT,23941.5,LOW_VOLATILITY,4,Rejected
2026-09-04 13:02:19,20,20,0,0,CALL,23938.4,LOW_VOLATILITY,4,Rejected
2026-09-04 13:03:19,20,20,0,0,CALL,23934.8,LOW_VOLATILITY,4,Rejected
2026-09-04 13:04:19,30,30,0,0,CALL,23935.45,LOW_VOLATILITY,4,Rejected
2026-09-04 13:05:20,30,30,0,0,CALL,23935.7,LOW_VOLATILITY,4,Rejected
2026-09-04 13:06:20,30,30,0,0,CALL,23935.65,LOW_VOLATILITY,4,Rejected
2026-09-04 13:07:20,30,30,0,0,CALL,23935.4,LOW_VOLATILITY,4,Rejected
2026-09-04 13:08:20,30,30,0,0,CALL,23937.4,LOW_VOLATILITY,4,Rejected
2026-09-04 13:09:21,30,30,0,0,CALL,23939.25,LOW_VOLATILITY,4,Rejected
2026-09-04 13:10:21,20,20,0,0,CALL,23944.7,LOW_VOLATILITY,4,Rejected
2026-09-04 13:11:21,20,20,0,0,CALL,23948.55,LOW_VOLATILITY,4,Rejected
2026-09-04 13:14:22,23,20,0,3,CALL,23947.1,LOW_VOLATILITY,4,Rejected
2026-09-04 13:15:22,28,20,0,8,CALL,23947,LOW_VOLATILITY,4,Rejected
2026-09-04 13:16:22,20,20,0,0,CALL,23950.55,LOW_VOLATILITY,4,Rejected
2026-09-04 13:17:23,20,20,0,0,CALL,23956.05,LOW_VOLATILITY,4,Rejected
2026-09-04 13:18:23,20,20,0,0,CALL,23955.5,LOW_VOLATILITY,4,Rejected
2026-09-04 13:19:24,20,20,0,0,CALL,23952.4,LOW_VOLATILITY,4,Rejected
2026-09-04 13:20:24,20,20,0,0,CALL,23949.9,LOW_VOLATILITY,4,Rejected
2026-09-04 13:21:24,20,20,0,0,CALL,23950.05,LOW_VOLATILITY,4,Rejected
2026-09-04 13:22:24,20,20,0,0,CALL,23951.9,LOW_VOLATILITY,4,Rejected
2026-09-04 13:23:25,20,20,0,0,CALL,23950.4,LOW_VOLATILITY,4,Rejected
2026-09-04 13:30:27,20,20,0,0,PUT,23937.6,LOW_VOLATILITY,4,Rejected
2026-09-04 13:31:27,20,20,0,0,PUT,23940.3,LOW_VOLATILITY,4,Rejected
2026-09-04 13:32:27,30,30,0,0,PUT,23932.9,LOW_VOLATILITY,4,Rejected
2026-09-04 13:33:27,30,30,0,0,PUT,23937.15,LOW_VOLATILITY,4,Rejected
2026-09-04 13:34:28,20,20,0,0,PUT,23936,LOW_VOLATILITY,4,Rejected
2026-09-04 13:35:28,20,20,0,0,PUT,23936.05,LOW_VOLATILITY,4,Rejected
2026-09-04 13:36:28,30,30,0,0,PUT,23937.7,LOW_VOLATILITY,4,Rejected
2026-09-04 13:37:29,30,30,0,0,PUT,23941.5,LOW_VOLATILITY,4,Rejected
2026-09-04 13:38:29,20,20,0,0,CALL,23939.35,LOW_VOLATILITY,4,Rejected
2026-09-04 13:39:29,20,20,0,0,CALL,23940.15,LOW_VOLATILITY,4,Rejected
2026-09-04 13:40:29,20,20,0,0,CALL,23941.85,LOW_VOLATILITY,4,Rejected
2026-09-04 13:41:30,20,20,0,0,CALL,23939.5,LOW_VOLATILITY,4,Rejected
2026-09-04 13:42:30,20,20,0,0,CALL,23943.65,LOW_VOLATILITY,4,Rejected
2026-09-04 13:43:30,20,20,0,0,CALL,23948.85,LOW_VOLATILITY,4,Rejected
2026-09-04 13:44:30,20,20,0,0,CALL,23945.05,LOW_VOLATILITY,4,Rejected
2026-09-04 13:45:31,20,20,0,0,CALL,23946.7,LOW_VOLATILITY,4,Rejected
2026-09-04 13:46:31,20,20,0,0,CALL,23949.05,LOW_VOLATILITY,4,Rejected
2026-09-04 13:47:31,20,20,0,0,CALL,23950.8,LOW_VOLATILITY,4,Rejected
2026-09-04 13:48:31,20,20,0,0,CALL,23949.1,LOW_VOLATILITY,4,Rejected
2026-09-04 13:49:32,20,20,0,0,CALL,23947.7,LOW_VOLATILITY,4,Rejected
2026-09-04 13:50:32,20,20,0,0,CALL,23949.25,LOW_VOLATILITY,4,Rejected
2026-09-04 13:51:32,20,20,0,0,CALL,23943.1,LOW_VOLATILITY,4,Rejected
2026-09-04 13:52:32,20,20,0,0,PUT,23938,LOW_VOLATILITY,4,Rejected
2026-09-04 13:53:34,20,20,0,0,PUT,23943.5,LOW_VOLATILITY,4,Rejected
2026-09-04 13:54:34,20,20,0,0,PUT,23941.6,LOW_VOLATILITY,4,Rejected
2026-09-04 13:55:34,20,20,0,0,PUT,23939.9,LOW_VOLATILITY,4,Rejected
2026-09-04 13:56:34,20,20,0,0,PUT,23942.15,LOW_VOLATILITY,4,Rejected
2026-09-04 13:57:35,20,20,0,0,PUT,23944.7,LOW_VOLATILITY,4,Rejected
2026-09-04 13:58:35,20,20,0,0,PUT,23943.4,LOW_VOLATILITY,4,Rejected
2026-09-04 13:59:36,20,20,0,0,PUT,23939.6,LOW_VOLATILITY,4,Rejected
2026-09-04 14:00:36,20,20,0,0,CALL,23942.1,LOW_VOLATILITY,4,Rejected
2026-09-04 14:01:36,20,20,0,0,CALL,23940.35,LOW_VOLATILITY,4,Rejected
2026-09-04 14:02:37,20,20,0,0,CALL,23941.8,LOW_VOLATILITY,4,Rejected
2026-09-04 14:03:37,20,20,0,0,CALL,23942.95,LOW_VOLATILITY,4,Rejected
2026-09-04 14:12:39,20,20,0,0,CALL,23948.1,LOW_VOLATILITY,4,Rejected
2026-09-04 14:13:40,20,20,0,0,CALL,23949.35,LOW_VOLATILITY,4,Rejected
2026-09-04 14:18:41,28,20,0,8,PUT,23944.45,LOW_VOLATILITY,4,Rejected
2026-09-04 14:19:41,28,20,0,8,PUT,23945.25,LOW_VOLATILITY,4,Rejected
2026-09-04 14:20:41,20,20,0,0,PUT,23947.35,LOW_VOLATILITY,4,Rejected
2026-09-04 14:21:41,20,20,0,0,PUT,23949.4,LOW_VOLATILITY,4,Rejected
2026-09-04 14:22:41,20,20,0,0,CALL,23950.05,LOW_VOLATILITY,4,Rejected
2026-09-04 14:25:42,20,20,0,0,PUT,23954,LOW_VOLATILITY,4,Rejected
2026-09-04 14:26:42,20,20,0,0,CALL,23955.65,LOW_VOLATILITY,4,Rejected
2026-09-04 14:27:43,20,20,0,0,CALL,23957.5,LOW_VOLATILITY,4,Rejected
2026-09-04 14:28:43,20,20,0,0,CALL,23957.8,LOW_VOLATILITY,4,Rejected
2026-09-04 14:29:43,28,20,0,8,CALL,23958.15,LOW_VOLATILITY,4,Rejected
2026-09-04 14:30:43,20,20,0,0,CALL,23958.6,LOW_VOLATILITY,4,Rejected
2026-09-04 14:31:44,20,20,0,0,CALL,23961.75,LOW_VOLATILITY,4,Rejected
2026-09-04 14:32:44,20,20,0,0,CALL,23962.85,LOW_VOLATILITY,4,Rejected
2026-09-04 14:33:44,20,20,0,0,CALL,23959.55,LOW_VOLATILITY,4,Rejected
2026-09-04 14:34:44,30,30,0,0,CALL,23957.8,LOW_VOLATILITY,4,Rejected
2026-09-04 14:35:45,30,30,0,0,CALL,23956.45,LOW_VOLATILITY,4,Rejected
2026-09-04 14:36:45,30,30,0,0,PUT,23956.3,LOW_VOLATILITY,4,Rejected
2026-09-04 14:37:45,30,30,0,0,PUT,23950.6,LOW_VOLATILITY,4,Rejected
2026-09-04 14:38:45,30,30,0,0,PUT,23946.5,LOW_VOLATILITY,4,Rejected
2026-09-04 14:39:45,30,30,0,0,PUT,23940.65,LOW_VOLATILITY,4,Rejected
2026-09-04 14:40:45,30,30,0,0,PUT,23943.6,LOW_VOLATILITY,4,Rejected
2026-09-04 14:41:46,30,30,0,0,PUT,23947.05,LOW_VOLATILITY,4,Rejected
2026-09-04 14:42:46,30,30,0,0,PUT,23943.7,LOW_VOLATILITY,4,Rejected
2026-09-04 14:43:46,30,30,0,0,PUT,23940.2,LOW_VOLATILITY,4,Rejected
2026-09-04 14:44:46,30,30,0,0,PUT,23938.45,LOW_VOLATILITY,4,Rejected
2026-09-04 14:45:47,30,30,0,0,PUT,23935.45,LOW_VOLATILITY,4,Rejected
2026-09-04 14:46:47,30,30,0,0,PUT,23935.75,LOW_VOLATILITY,4,Rejected
2026-09-04 14:47:47,33,30,0,3,PUT,23937.85,LOW_VOLATILITY,4,Rejected
2026-09-04 14:48:47,28,20,0,8,CALL,23939.1,LOW_VOLATILITY,4,Rejected
2026-09-04 14:49:47,28,20,0,8,CALL,23938.6,LOW_VOLATILITY,4,Rejected
2026-09-04 14:50:48,20,20,0,0,CALL,23937.8,LOW_VOLATILITY,4,Rejected
2026-09-04 14:51:48,20,20,0,0,CALL,23943,LOW_VOLATILITY,4,Rejected
2026-09-04 14:52:48,20,20,0,0,CALL,23939.2,LOW_VOLATILITY,4,Rejected
2026-09-04 14:53:49,20,20,0,0,CALL,23935.15,LOW_VOLATILITY,4,Rejected
2026-09-04 14:54:50,20,20,0,0,CALL,23941.55,LOW_VOLATILITY,4,Rejected
2026-09-04 14:55:50,20,20,0,0,CALL,23936.5,LOW_VOLATILITY,4,Rejected
2026-09-04 14:56:50,20,20,0,0,CALL,23938.7,LOW_VOLATILITY,4,Rejected
2026-09-04 14:57:50,20,20,0,0,CALL,23937.6,LOW_VOLATILITY,4,Rejected
