timestamp,spot_price,entry_tf_bias,entry_tf_score,htf_bias,htf_vwap,vix_value,market_regime,outcome
2026-07-24 11:34:28,23654.2,PUT,5,CALL,23678.74,14.46,LOW_VOLATILITY_BEARISH,HARD_REJECTED
2026-07-24 11:35:29,23654.7,PUT,5,CALL,23678.74,14.45,LOW_VOLATILITY_BEARISH,HARD_REJECTED
2026-07-24 11:36:30,23659.8,PUT,5,CALL,23678.74,14.45,LOW_VOLATILITY_BEARISH,HARD_REJECTED
2026-07-24 11:37:30,23657.1,PUT,5,CALL,23678.75,14.43,LOW_VOLATILITY_BEARISH,HARD_REJECTED
2026-07-24 11:38:30,23661.8,PUT,5,CALL,23678.75,14.41,LOW_VOLATILITY_BEARISH,HARD_REJECTED
2026-07-24 11:39:30,23663.3,PUT,25,CALL,23678.75,14.4,LOW_VOLATILITY_BULLISH,HARD_REJECTED
2026-07-27 09:54:59,23933.4,CALL,55,PUT,23948.7,13.11,LOW_VOLATILITY_BULLISH,HARD_REJECTED
2026-07-27 10:00:01,23934.15,CALL,58,PUT,23944.33,13.28,LOW_VOLATILITY_BULLISH,HARD_REJECTED
2026-07-27 10:00:02,23933.45,CALL,58,PUT,23944.33,13.28,LOW_VOLATILITY_BULLISH,HARD_REJECTED
2026-07-27 10:00:04,23934.5,CALL,58,PUT,23944.33,13.26,LOW_VOLATILITY_BULLISH,HARD_REJECTED
2026-07-27 10:00:05,23934.7,CALL,58,PUT,23944.33,13.25,LOW_VOLATILITY_BULLISH,HARD_REJECTED
2026-07-27 10:00:06,23934.55,CALL,58,PUT,23944.33,13.26,LOW_VOLATILITY_BULLISH,HARD_REJECTED
2026-07-27 10:00:07,23934.15,CALL,58,PUT,23944.33,13.27,LOW_VOLATILITY_BULLISH,HARD_REJECTED
2026-07-27 10:00:08,23934.15,CALL,58,PUT,23944.33,13.28,LOW_VOLATILITY_BULLISH,HARD_REJECTED
2026-07-27 10:00:09,23934.25,CALL,58,PUT,23944.33,13.27,LOW_VOLATILITY_BULLISH,HARD_REJECTED
2026-07-27 10:00:10,23933.15,CALL,58,PUT,23944.33,13.28,LOW_VOLATILITY_BULLISH,HARD_REJECTED
2026-07-27 10:00:11,23932.65,CALL,58,PUT,23944.33,13.28,LOW_VOLATILITY_BULLISH,HARD_REJECTED
2026-07-27 10:00:12,23932.45,CALL,58,PUT,23944.33,13.27,LOW_VOLATILITY_BULLISH,HARD_REJECTED
2026-07-27 10:00:13,23932,CALL,58,PUT,23944.33,13.27,LOW_VOLATILITY_BULLISH,HARD_REJECTED
2026-07-27 10:00:15,23932.45,CALL,58,PUT,23944.33,13.27,LOW_VOLATILITY_BULLISH,HARD_REJECTED
2026-07-27 10:00:16,23931.05,CALL,58,PUT,23944.33,13.27,LOW_VOLATILITY_BULLISH,HARD_REJECTED
2026-07-27 10:00:17,23933.9,CALL,58,PUT,23944.33,13.28,LOW_VOLATILITY_BULLISH,HARD_REJECTED
2026-07-27 10:00:19,23933.45,CALL,58,PUT,23944.33,13.27,LOW_VOLATILITY_BULLISH,HARD_REJECTED
2026-07-27 10:00:20,23933.15,CALL,58,PUT,23944.33,13.27,LOW_VOLATILITY_BULLISH,HARD_REJECTED
2026-07-27 10:00:21,23934.6,CALL,58,PUT,23944.33,13.27,LOW_VOLATILITY_BULLISH,HARD_REJECTED
2026-07-27 10:00:22,23933.4,CALL,58,PUT,23944.33,13.27,LOW_VOLATILITY_BULLISH,HARD_REJECTED
2026-07-27 10:00:23,23933.45,CALL,58,PUT,23944.33,13.25,LOW_VOLATILITY_BULLISH,HARD_REJECTED
2026-07-27 10:00:24,23932.75,CALL,58,PUT,23944.33,13.27,LOW_VOLATILITY_BULLISH,HARD_REJECTED
2026-07-27 10:00:25,23931.75,CALL,58,PUT,23944.33,13.28,LOW_VOLATILITY_BULLISH,HARD_REJECTED
2026-07-27 10:00:26,23932,CALL,58,PUT,23944.33,13.27,LOW_VOLATILITY_BULLISH,HARD_REJECTED
2026-07-27 10:00:28,23932.65,CALL,58,PUT,23944.33,13.28,LOW_VOLATILITY_BULLISH,HARD_REJECTED
2026-07-27 10:00:29,23931.75,CALL,58,PUT,23944.33,13.28,LOW_VOLATILITY_BULLISH,HARD_REJECTED
2026-07-27 10:00:30,23932.2,CALL,58,PUT,23944.33,13.28,LOW_VOLATILITY_BULLISH,HARD_REJECTED
2026-07-27 10:00:31,23931.5,CALL,58,PUT,23944.33,13.28,LOW_VOLATILITY_BULLISH,HARD_REJECTED
2026-07-27 10:00:32,23930.8,CALL,58,PUT,23944.33,13.28,LOW_VOLATILITY_BULLISH,HARD_REJECTED
2026-07-27 10:00:33,23930.65,CALL,58,PUT,23944.33,13.28,LOW_VOLATILITY_BULLISH,HARD_REJECTED
2026-07-27 10:00:34,23932.15,CALL,58,PUT,23944.33,13.28,LOW_VOLATILITY_BULLISH,HARD_REJECTED
2026-07-27 10:00:35,23932.45,CALL,58,PUT,23944.33,13.28,LOW_VOLATILITY_BULLISH,HARD_REJECTED
2026-07-27 10:00:36,23932.95,CALL,58,PUT,23944.33,13.28,LOW_VOLATILITY_BULLISH,HARD_REJECTED
2026-07-27 10:00:38,23931.9,CALL,58,PUT,23944.33,13.28,LOW_VOLATILITY_BULLISH,HARD_REJECTED
2026-07-27 10:00:39,23931.95,CALL,58,PUT,23944.33,13.28,LOW_VOLATILITY_BULLISH,HARD_REJECTED
2026-07-27 10:00:40,23931.6,CALL,58,PUT,23944.33,13.28,LOW_VOLATILITY_BULLISH,HARD_REJECTED
2026-07-27 10:00:41,23932.55,CALL,58,PUT,23944.33,13.28,LOW_VOLATILITY_BULLISH,HARD_REJECTED
2026-07-27 10:00:42,23932.45,CALL,58,PUT,23944.33,13.28,LOW_VOLATILITY_BULLISH,HARD_REJECTED
2026-07-27 10:00:43,23932.9,CALL,58,PUT,23944.33,13.28,LOW_VOLATILITY_BULLISH,HARD_REJECTED
2026-07-27 10:00:44,23931.3,CALL,58,PUT,23944.33,13.28,LOW_VOLATILITY_BULLISH,HARD_REJECTED
2026-07-27 10:00:45,23931.45,CALL,58,PUT,23944.33,13.28,LOW_VOLATILITY_BULLISH,HARD_REJECTED
2026-07-27 10:00:47,23930.5,CALL,58,PUT,23944.33,13.28,LOW_VOLATILITY_BULLISH,HARD_REJECTED
2026-07-27 10:00:48,23930.15,CALL,58,PUT,23944.33,13.26,LOW_VOLATILITY_BULLISH,HARD_REJECTED
2026-07-27 10:00:49,23929.8,CALL,58,PUT,23944.33,13.26,LOW_VOLATILITY_BULLISH,HARD_REJECTED
2026-07-27 10:00:50,23929.45,CALL,58,PUT,23944.33,13.26,LOW_VOLATILITY_BULLISH,HARD_REJECTED
2026-07-27 10:00:51,23929.35,CALL,58,PUT,23944.33,13.26,LOW_VOLATILITY_BULLISH,HARD_REJECTED
2026-07-27 10:00:52,23928.9,CALL,58,PUT,23944.33,13.26,LOW_VOLATILITY_BULLISH,HARD_REJECTED
2026-07-27 10:00:53,23928.85,CALL,58,PUT,23944.33,13.26,LOW_VOLATILITY_BULLISH,HARD_REJECTED
2026-07-27 10:00:54,23930.05,CALL,58,PUT,23944.33,13.26,LOW_VOLATILITY_BULLISH,HARD_REJECTED
2026-07-27 10:00:55,23929,CALL,58,PUT,23944.33,13.26,LOW_VOLATILITY_BULLISH,HARD_REJECTED
2026-07-27 10:00:56,23929,CALL,58,PUT,23944.33,13.24,LOW_VOLATILITY_BULLISH,HARD_REJECTED
2026-07-27 10:00:58,23929.25,CALL,58,PUT,23944.33,13.25,LOW_VOLATILITY_BULLISH,HARD_REJECTED
2026-07-27 10:00:59,23928.75,CALL,58,PUT,23944.33,13.25,LOW_VOLATILITY_BULLISH,HARD_REJECTED
2026-07-27 10:01:00,23929.75,CALL,58,PUT,23944.33,13.25,LOW_VOLATILITY_BULLISH,HARD_REJECTED
2026-07-27 10:01:02,23928.2,CALL,55,PUT,23945.33,13.25,LOW_VOLATILITY_BEARISH,HARD_REJECTED
2026-07-27 10:01:03,23927.4,CALL,55,PUT,23945.33,13.24,LOW_VOLATILITY_BEARISH,HARD_REJECTED
2026-07-27 10:01:04,23927.5,CALL,55,PUT,23945.33,13.24,LOW_VOLATILITY_BEARISH,HARD_REJECTED
2026-07-27 10:01:05,23927.35,CALL,55,PUT,23945.33,13.24,LOW_VOLATILITY_BEARISH,HARD_REJECTED
2026-07-27 10:01:06,23927.8,CALL,55,PUT,23945.33,13.24,LOW_VOLATILITY_BEARISH,HARD_REJECTED
2026-07-27 10:01:07,23928.4,CALL,55,PUT,23945.33,13.25,LOW_VOLATILITY_BEARISH,HARD_REJECTED
2026-07-27 10:01:08,23929.3,CALL,55,PUT,23945.33,13.25,LOW_VOLATILITY_BEARISH,HARD_REJECTED
2026-07-27 10:01:09,23929.7,CALL,55,PUT,23945.33,13.27,LOW_VOLATILITY_BEARISH,HARD_REJECTED
2026-07-27 10:01:11,23930,CALL,55,PUT,23945.33,13.28,LOW_VOLATILITY_BEARISH,HARD_REJECTED
2026-07-27 10:01:12,23929.95,CALL,55,PUT,23945.33,13.28,LOW_VOLATILITY_BEARISH,HARD_REJECTED
2026-07-27 10:01:13,23931.3,CALL,55,PUT,23945.33,13.28,LOW_VOLATILITY_BEARISH,HARD_REJECTED
2026-07-27 10:01:14,23930.55,CALL,55,PUT,23945.33,13.28,LOW_VOLATILITY_BEARISH,HARD_REJECTED
2026-07-27 10:01:15,23930.45,CALL,55,PUT,23945.33,13.28,LOW_VOLATILITY_BEARISH,HARD_REJECTED
2026-07-27 10:01:16,23929.65,CALL,55,PUT,23945.33,13.28,LOW_VOLATILITY_BEARISH,HARD_REJECTED
2026-07-27 10:01:18,23929.25,CALL,55,PUT,23945.33,13.28,LOW_VOLATILITY_BEARISH,HARD_REJECTED
2026-07-27 10:01:19,23930,CALL,55,PUT,23945.33,13.28,LOW_VOLATILITY_BEARISH,HARD_REJECTED
2026-07-27 10:01:20,23929.5,CALL,55,PUT,23945.33,13.28,LOW_VOLATILITY_BEARISH,HARD_REJECTED
2026-07-27 10:01:21,23929.3,CALL,55,PUT,23945.33,13.28,LOW_VOLATILITY_BEARISH,HARD_REJECTED
2026-07-27 10:01:22,23930.05,CALL,55,PUT,23945.33,13.28,LOW_VOLATILITY_BEARISH,HARD_REJECTED
2026-07-27 10:01:23,23929.35,CALL,55,PUT,23945.33,13.27,LOW_VOLATILITY_BEARISH,HARD_REJECTED
2026-07-27 10:01:24,23928.85,CALL,55,PUT,23945.33,13.26,LOW_VOLATILITY_BEARISH,HARD_REJECTED
2026-07-27 10:01:25,23928.55,CALL,55,PUT,23945.33,13.26,LOW_VOLATILITY_BEARISH,HARD_REJECTED
2026-07-27 10:01:26,23928.25,CALL,55,PUT,23945.33,13.26,LOW_VOLATILITY_BEARISH,HARD_REJECTED
2026-07-27 10:01:28,23927.6,CALL,55,PUT,23945.33,13.25,LOW_VOLATILITY_BEARISH,HARD_REJECTED
2026-07-27 10:01:29,23927.45,CALL,55,PUT,23945.33,13.25,LOW_VOLATILITY_BEARISH,HARD_REJECTED
2026-07-27 10:01:30,23928.5,CALL,55,PUT,23945.33,13.25,LOW_VOLATILITY_BEARISH,HARD_REJECTED
2026-07-27 10:01:31,23928.65,CALL,55,PUT,23945.33,13.25,LOW_VOLATILITY_BEARISH,HARD_REJECTED
2026-07-27 10:01:32,23928.25,CALL,55,PUT,23945.33,13.25,LOW_VOLATILITY_BEARISH,HARD_REJECTED
2026-07-27 10:01:33,23928.85,CALL,55,PUT,23945.33,13.25,LOW_VOLATILITY_BEARISH,HARD_REJECTED
2026-07-27 10:01:34,23928.55,CALL,55,PUT,23945.33,13.26,LOW_VOLATILITY_BEARISH,HARD_REJECTED
2026-07-27 10:01:35,23928,CALL,55,PUT,23945.33,13.27,LOW_VOLATILITY_BEARISH,HARD_REJECTED
2026-07-27 10:01:36,23928.7,CALL,55,PUT,23945.33,13.25,LOW_VOLATILITY_BEARISH,HARD_REJECTED
2026-07-27 10:01:38,23928.4,CALL,55,PUT,23945.33,13.25,LOW_VOLATILITY_BEARISH,HARD_REJECTED
2026-07-27 10:01:39,23927.95,CALL,55,PUT,23945.33,13.25,LOW_VOLATILITY_BEARISH,HARD_REJECTED
2026-07-27 10:01:40,23927.35,CALL,55,PUT,23945.33,13.26,LOW_VOLATILITY_BEARISH,HARD_REJECTED
2026-07-27 10:01:41,23927.6,CALL,55,PUT,23945.33,13.27,LOW_VOLATILITY_BEARISH,HARD_REJECTED
2026-07-27 10:01:42,23927.35,CALL,55,PUT,23945.33,13.27,LOW_VOLATILITY_BEARISH,HARD_REJECTED
2026-07-27 10:01:43,23927.45,CALL,55,PUT,23945.33,13.26,LOW_VOLATILITY_BEARISH,HARD_REJECTED
2026-07-27 10:01:44,23926.6,CALL,55,PUT,23945.33,13.25,LOW_VOLATILITY_BEARISH,HARD_REJECTED
2026-07-27 10:01:45,23927.35,CALL,55,PUT,23945.33,13.25,LOW_VOLATILITY_BEARISH,HARD_REJECTED
2026-07-27 10:01:46,23927.8,CALL,55,PUT,23945.33,13.26,LOW_VOLATILITY_BEARISH,HARD_REJECTED
2026-07-27 10:01:48,23927.8,CALL,55,PUT,23945.33,13.26,LOW_VOLATILITY_BEARISH,HARD_REJECTED
2026-07-27 10:01:49,23927.85,CALL,55,PUT,23945.33,13.26,LOW_VOLATILITY_BEARISH,HARD_REJECTED
2026-07-27 10:01:50,23927.85,CALL,55,PUT,23945.33,13.26,LOW_VOLATILITY_BEARISH,HARD_REJECTED
2026-07-27 10:01:51,23928,CALL,55,PUT,23945.33,13.26,LOW_VOLATILITY_BEARISH,HARD_REJECTED
2026-07-27 10:01:52,23927.15,CALL,55,PUT,23945.33,13.26,LOW_VOLATILITY_BEARISH,HARD_REJECTED
2026-07-27 10:01:53,23927.35,CALL,55,PUT,23945.33,13.27,LOW_VOLATILITY_BEARISH,HARD_REJECTED
2026-07-27 10:01:54,23927.55,CALL,55,PUT,23945.33,13.26,LOW_VOLATILITY_BEARISH,HARD_REJECTED
2026-07-27 10:01:55,23927.45,CALL,55,PUT,23945.33,13.26,LOW_VOLATILITY_BEARISH,HARD_REJECTED
2026-07-27 10:01:56,23927.75,CALL,55,PUT,23945.33,13.26,LOW_VOLATILITY_BEARISH,HARD_REJECTED
2026-07-27 10:01:57,23927.5,CALL,55,PUT,23945.33,13.26,LOW_VOLATILITY_BEARISH,HARD_REJECTED
2026-07-27 10:01:59,23927.35,CALL,55,PUT,23945.33,13.26,LOW_VOLATILITY_BEARISH,HARD_REJECTED
2026-07-27 10:02:00,23928.35,CALL,55,PUT,23945.33,13.26,LOW_VOLATILITY_BEARISH,HARD_REJECTED
2026-07-27 10:02:01,23927.35,CALL,55,PUT,23945.33,13.26,LOW_VOLATILITY_BEARISH,HARD_REJECTED
2026-07-27 10:59:22,23937.05,CALL,55,PUT,23943.6,13.34,LOW_VOLATILITY_BULLISH,HARD_REJECTED
2026-07-27 11:14:24,23925,CALL,60,PUT,23943.57,13.28,LOW_VOLATILITY_BULLISH,HARD_REJECTED
2026-07-27 11:14:25,23925.25,CALL,55,PUT,23943.57,13.28,LOW_VOLATILITY_BULLISH,HARD_REJECTED
2026-07-27 11:14:26,23926.85,CALL,55,PUT,23943.57,13.28,LOW_VOLATILITY_BULLISH,HARD_REJECTED
2026-07-27 11:14:27,23926.3,CALL,55,PUT,23943.57,13.28,LOW_VOLATILITY_BULLISH,HARD_REJECTED
2026-07-27 11:14:28,23926.2,CALL,55,PUT,23943.57,13.28,LOW_VOLATILITY_BULLISH,HARD_REJECTED
2026-07-27 11:14:29,23926.4,CALL,55,PUT,23943.57,13.28,LOW_VOLATILITY_BULLISH,HARD_REJECTED
2026-07-27 11:14:30,23926.3,CALL,55,PUT,23943.57,13.28,LOW_VOLATILITY_BULLISH,HARD_REJECTED
2026-07-27 11:14:31,23926.15,CALL,55,PUT,23943.57,13.28,LOW_VOLATILITY_BULLISH,HARD_REJECTED
2026-07-27 11:14:32,23925.4,CALL,55,PUT,23943.57,13.28,LOW_VOLATILITY_BULLISH,HARD_REJECTED
2026-07-27 11:14:34,23926.05,CALL,55,PUT,23943.57,13.28,LOW_VOLATILITY_BULLISH,HARD_REJECTED
2026-07-27 11:14:35,23925.1,CALL,55,PUT,23943.57,13.28,LOW_VOLATILITY_BULLISH,HARD_REJECTED
2026-07-27 11:14:36,23925.4,CALL,55,PUT,23943.57,13.28,LOW_VOLATILITY_BULLISH,HARD_REJECTED
2026-07-27 11:14:37,23925.4,CALL,55,PUT,23943.57,13.28,LOW_VOLATILITY_BULLISH,HARD_REJECTED
2026-07-27 11:14:38,23925.7,CALL,55,PUT,23943.57,13.28,LOW_VOLATILITY_BULLISH,HARD_REJECTED
2026-07-27 11:14:39,23925.2,CALL,55,PUT,23943.57,13.28,LOW_VOLATILITY_BULLISH,HARD_REJECTED
2026-07-27 11:14:40,23925.65,CALL,55,PUT,23943.57,13.28,LOW_VOLATILITY_BULLISH,HARD_REJECTED
2026-07-27 11:14:41,23924.9,CALL,60,PUT,23943.57,13.28,LOW_VOLATILITY_BULLISH,HARD_REJECTED
2026-07-27 11:14:42,23925.65,CALL,55,PUT,23943.57,13.28,LOW_VOLATILITY_BULLISH,HARD_REJECTED
2026-07-27 11:14:43,23925,CALL,60,PUT,23943.57,13.29,LOW_VOLATILITY_BULLISH,HARD_REJECTED
2026-07-27 11:14:44,23924.7,CALL,60,PUT,23943.57,13.29,LOW_VOLATILITY_BULLISH,HARD_REJECTED
2026-07-27 11:14:46,23924.5,CALL,60,PUT,23943.57,13.29,LOW_VOLATILITY_BULLISH,HARD_REJECTED
2026-07-27 11:14:47,23925.5,CALL,55,PUT,23943.57,13.28,LOW_VOLATILITY_BULLISH,HARD_REJECTED
2026-07-27 11:14:48,23925.85,CALL,55,PUT,23943.57,13.28,LOW_VOLATILITY_BULLISH,HARD_REJECTED
2026-07-27 11:14:49,23925.1,CALL,55,PUT,23943.57,13.28,LOW_VOLATILITY_BULLISH,HARD_REJECTED
2026-07-27 11:14:50,23925.05,CALL,55,PUT,23943.57,13.28,LOW_VOLATILITY_BULLISH,HARD_REJECTED
2026-07-27 11:14:51,23925.35,CALL,55,PUT,23943.57,13.28,LOW_VOLATILITY_BULLISH,HARD_REJECTED
2026-07-27 11:14:52,23924.45,CALL,60,PUT,23943.57,13.28,LOW_VOLATILITY_BULLISH,HARD_REJECTED
2026-07-27 11:14:54,23924.9,CALL,60,PUT,23943.57,13.28,LOW_VOLATILITY_BULLISH,HARD_REJECTED
2026-07-27 11:14:55,23925.15,CALL,55,PUT,23943.57,13.28,LOW_VOLATILITY_BULLISH,HARD_REJECTED
2026-07-27 11:14:56,23924.8,CALL,60,PUT,23943.57,13.28,LOW_VOLATILITY_BULLISH,HARD_REJECTED
2026-07-27 11:14:58,23924.2,CALL,60,PUT,23943.57,13.28,LOW_VOLATILITY_BULLISH,HARD_REJECTED
2026-07-27 11:14:59,23924.75,CALL,60,PUT,23943.57,13.28,LOW_VOLATILITY_BULLISH,HARD_REJECTED
2026-07-27 11:15:00,23924.5,CALL,60,PUT,23943.57,13.28,LOW_VOLATILITY_BULLISH,HARD_REJECTED
2026-07-27 11:15:01,23924.1,CALL,60,PUT,23943.57,13.28,LOW_VOLATILITY_BULLISH,HARD_REJECTED
2026-07-27 11:15:02,23924.3,CALL,60,PUT,23943.57,13.28,LOW_VOLATILITY_BULLISH,HARD_REJECTED
2026-07-27 11:15:03,23923.55,CALL,60,PUT,23943.57,13.28,LOW_VOLATILITY_BULLISH,HARD_REJECTED
2026-07-27 11:15:05,23924.55,CALL,60,PUT,23943.57,13.28,LOW_VOLATILITY_BULLISH,HARD_REJECTED
2026-07-27 11:15:06,23924.3,CALL,60,PUT,23943.57,13.28,LOW_VOLATILITY_BULLISH,HARD_REJECTED
2026-07-27 11:15:07,23924.85,CALL,60,PUT,23943.57,13.28,LOW_VOLATILITY_BULLISH,HARD_REJECTED
2026-07-27 11:15:08,23924.95,CALL,60,PUT,23943.57,13.28,LOW_VOLATILITY_BULLISH,HARD_REJECTED
2026-07-27 11:15:09,23924.15,CALL,60,PUT,23943.57,13.28,LOW_VOLATILITY_BULLISH,HARD_REJECTED
2026-07-27 11:15:10,23924.7,CALL,60,PUT,23943.57,13.28,LOW_VOLATILITY_BULLISH,HARD_REJECTED
2026-07-27 11:15:11,23926.1,CALL,55,PUT,23943.57,13.29,LOW_VOLATILITY_BULLISH,HARD_REJECTED
2026-07-27 11:15:13,23926.4,CALL,55,PUT,23943.57,13.3,LOW_VOLATILITY_BULLISH,HARD_REJECTED
2026-07-27 11:15:14,23926.15,CALL,55,PUT,23943.57,13.3,LOW_VOLATILITY_BULLISH,HARD_REJECTED
2026-07-27 11:15:15,23926.5,CALL,55,PUT,23943.57,13.3,LOW_VOLATILITY_BULLISH,HARD_REJECTED
2026-07-27 11:15:16,23926.4,CALL,55,PUT,23943.57,13.3,LOW_VOLATILITY_BULLISH,HARD_REJECTED
2026-07-27 11:15:17,23928.5,CALL,55,PUT,23943.57,13.3,LOW_VOLATILITY_BULLISH,HARD_REJECTED
2026-07-27 11:15:18,23927.5,CALL,55,PUT,23943.57,13.3,LOW_VOLATILITY_BULLISH,HARD_REJECTED
2026-07-27 11:15:19,23927.05,CALL,55,PUT,23943.57,13.3,LOW_VOLATILITY_BULLISH,HARD_REJECTED
2026-07-27 11:15:21,23926.7,CALL,55,PUT,23943.57,13.3,LOW_VOLATILITY_BULLISH,HARD_REJECTED
2026-07-27 11:15:22,23926.65,CALL,55,PUT,23943.57,13.3,LOW_VOLATILITY_BULLISH,HARD_REJECTED
2026-07-27 11:15:23,23926.85,CALL,55,PUT,23943.57,13.3,LOW_VOLATILITY_BULLISH,HARD_REJECTED
2026-07-27 11:15:24,23927,CALL,55,PUT,23943.5,13.3,LOW_VOLATILITY_BULLISH,HARD_REJECTED
2026-07-27 11:15:25,23926.95,CALL,55,PUT,23943.5,13.3,LOW_VOLATILITY_BEARISH,HARD_REJECTED
2026-07-27 11:15:26,23927.9,CALL,55,PUT,23943.5,13.3,LOW_VOLATILITY_BEARISH,HARD_REJECTED
2026-07-27 11:15:27,23928.35,CALL,55,PUT,23943.5,13.3,LOW_VOLATILITY_BEARISH,HARD_REJECTED
2026-07-27 11:15:28,23929,CALL,55,PUT,23943.5,13.29,LOW_VOLATILITY_BEARISH,HARD_REJECTED
2026-07-27 11:15:29,23929.75,CALL,55,PUT,23943.5,13.29,LOW_VOLATILITY_BEARISH,HARD_REJECTED
2026-07-27 11:15:30,23928.65,CALL,55,PUT,23943.5,13.3,LOW_VOLATILITY_BEARISH,HARD_REJECTED
2026-07-27 11:15:32,23927.5,CALL,55,PUT,23943.5,13.3,LOW_VOLATILITY_BEARISH,HARD_REJECTED
2026-07-27 11:15:33,23928.4,CALL,55,PUT,23943.5,13.3,LOW_VOLATILITY_BEARISH,HARD_REJECTED
2026-07-27 11:15:34,23930.5,CALL,55,PUT,23943.5,13.31,LOW_VOLATILITY_BEARISH,HARD_REJECTED
2026-07-27 11:15:35,23929.2,CALL,55,PUT,23943.5,13.31,LOW_VOLATILITY_BEARISH,HARD_REJECTED
2026-07-27 11:15:36,23928.65,CALL,55,PUT,23943.5,13.31,LOW_VOLATILITY_BEARISH,HARD_REJECTED
2026-07-27 11:15:37,23929,CALL,55,PUT,23943.5,13.3,LOW_VOLATILITY_BEARISH,HARD_REJECTED
2026-07-27 11:15:38,23929.55,CALL,55,PUT,23943.5,13.31,LOW_VOLATILITY_BEARISH,HARD_REJECTED
2026-07-27 11:15:39,23929.65,CALL,55,PUT,23943.5,13.31,LOW_VOLATILITY_BEARISH,HARD_REJECTED
2026-07-27 11:15:40,23929.75,CALL,55,PUT,23943.5,13.31,LOW_VOLATILITY_BEARISH,HARD_REJECTED
2026-07-27 11:15:41,23931.4,CALL,55,PUT,23943.5,13.31,LOW_VOLATILITY_BEARISH,HARD_REJECTED
2026-07-27 11:15:43,23930.5,CALL,55,PUT,23943.5,13.3,LOW_VOLATILITY_BEARISH,HARD_REJECTED
2026-07-27 11:15:44,23931.45,CALL,55,PUT,23943.5,13.3,LOW_VOLATILITY_BEARISH,HARD_REJECTED
2026-07-27 11:15:45,23931.25,CALL,55,PUT,23943.5,13.3,LOW_VOLATILITY_BEARISH,HARD_REJECTED
2026-07-27 11:15:46,23931.7,CALL,55,PUT,23943.5,13.3,LOW_VOLATILITY_BEARISH,HARD_REJECTED
2026-07-27 11:15:47,23932.4,CALL,55,PUT,23943.5,13.3,LOW_VOLATILITY_BEARISH,HARD_REJECTED
2026-07-27 11:15:48,23932.95,CALL,55,PUT,23943.5,13.3,LOW_VOLATILITY_BEARISH,HARD_REJECTED
2026-07-27 11:15:49,23932.5,CALL,55,PUT,23943.5,13.3,LOW_VOLATILITY_BEARISH,HARD_REJECTED
2026-07-27 11:15:50,23933.3,CALL,55,PUT,23943.5,13.3,LOW_VOLATILITY_BEARISH,HARD_REJECTED
2026-07-27 11:15:51,23933,CALL,55,PUT,23943.5,13.3,LOW_VOLATILITY_BEARISH,HARD_REJECTED
2026-07-27 11:15:52,23933.55,CALL,55,PUT,23943.5,13.3,LOW_VOLATILITY_BEARISH,HARD_REJECTED
2026-07-27 11:15:54,23931.9,CALL,55,PUT,23943.5,13.3,LOW_VOLATILITY_BEARISH,HARD_REJECTED
2026-07-27 11:15:55,23932.6,CALL,55,PUT,23943.5,13.31,LOW_VOLATILITY_BEARISH,HARD_REJECTED
2026-07-27 11:15:56,23932.85,CALL,55,PUT,23943.5,13.31,LOW_VOLATILITY_BEARISH,HARD_REJECTED
2026-07-27 11:15:57,23932,CALL,55,PUT,23943.5,13.31,LOW_VOLATILITY_BEARISH,HARD_REJECTED
2026-07-27 11:15:58,23931.7,CALL,55,PUT,23943.5,13.31,LOW_VOLATILITY_BEARISH,HARD_REJECTED
2026-07-27 11:15:59,23931.35,CALL,55,PUT,23943.5,13.31,LOW_VOLATILITY_BEARISH,HARD_REJECTED
2026-07-27 11:16:00,23932.5,CALL,55,PUT,23943.5,13.31,LOW_VOLATILITY_BEARISH,HARD_REJECTED
2026-07-27 11:16:01,23930.85,CALL,55,PUT,23943.5,13.31,LOW_VOLATILITY_BEARISH,HARD_REJECTED
2026-07-27 11:16:02,23930.55,CALL,55,PUT,23943.5,13.31,LOW_VOLATILITY_BEARISH,HARD_REJECTED
2026-07-27 11:16:03,23929.75,CALL,55,PUT,23943.5,13.31,LOW_VOLATILITY_BEARISH,HARD_REJECTED
2026-07-27 11:16:05,23929.8,CALL,55,PUT,23943.5,13.3,LOW_VOLATILITY_BEARISH,HARD_REJECTED
2026-07-27 11:16:06,23929.4,CALL,55,PUT,23943.5,13.3,LOW_VOLATILITY_BEARISH,HARD_REJECTED
2026-07-27 11:16:07,23930.3,CALL,55,PUT,23943.5,13.3,LOW_VOLATILITY_BEARISH,HARD_REJECTED
2026-07-27 11:16:08,23929.3,CALL,55,PUT,23943.5,13.3,LOW_VOLATILITY_BEARISH,HARD_REJECTED
2026-07-27 11:16:09,23929.05,CALL,55,PUT,23943.5,13.3,LOW_VOLATILITY_BEARISH,HARD_REJECTED
2026-07-27 11:16:10,23929.45,CALL,55,PUT,23943.5,13.3,LOW_VOLATILITY_BEARISH,HARD_REJECTED
2026-07-27 11:16:11,23929.3,CALL,55,PUT,23943.5,13.3,LOW_VOLATILITY_BEARISH,HARD_REJECTED
2026-07-27 11:16:12,23929.35,CALL,55,PUT,23943.5,13.3,LOW_VOLATILITY_BEARISH,HARD_REJECTED
2026-07-27 11:16:13,23929.95,CALL,55,PUT,23943.5,13.3,LOW_VOLATILITY_BEARISH,HARD_REJECTED
2026-07-27 11:16:14,23929.35,CALL,55,PUT,23943.5,13.3,LOW_VOLATILITY_BEARISH,HARD_REJECTED
2026-07-27 11:16:15,23929.3,CALL,55,PUT,23943.5,13.3,LOW_VOLATILITY_BEARISH,HARD_REJECTED
2026-07-27 11:16:17,23928.35,CALL,55,PUT,23943.5,13.3,LOW_VOLATILITY_BEARISH,HARD_REJECTED
2026-07-27 11:16:18,23928.35,CALL,55,PUT,23943.5,13.3,LOW_VOLATILITY_BEARISH,HARD_REJECTED
2026-07-27 11:16:19,23928.3,CALL,55,PUT,23943.5,13.3,LOW_VOLATILITY_BEARISH,HARD_REJECTED
2026-07-27 11:16:20,23928,CALL,55,PUT,23943.5,13.3,LOW_VOLATILITY_BEARISH,HARD_REJECTED
2026-07-27 11:16:21,23929.95,CALL,55,PUT,23943.5,13.31,LOW_VOLATILITY_BEARISH,HARD_REJECTED
2026-07-27 11:16:22,23930.1,CALL,55,PUT,23943.5,13.31,LOW_VOLATILITY_BEARISH,HARD_REJECTED
2026-07-27 11:16:23,23930.8,CALL,55,PUT,23943.5,13.31,LOW_VOLATILITY_BEARISH,HARD_REJECTED
2026-07-27 11:16:24,23930.45,CALL,55,PUT,23943.5,13.31,LOW_VOLATILITY_BEARISH,HARD_REJECTED
2026-07-27 11:16:25,23931.1,CALL,55,PUT,23943.5,13.31,LOW_VOLATILITY_BULLISH,HARD_REJECTED
2026-07-27 11:16:27,23931.7,CALL,55,PUT,23943.5,13.3,LOW_VOLATILITY_BULLISH,HARD_REJECTED
2026-07-27 11:16:28,23931.6,CALL,55,PUT,23943.5,13.3,LOW_VOLATILITY_BULLISH,HARD_REJECTED
2026-07-27 11:16:29,23931.2,CALL,55,PUT,23943.5,13.3,LOW_VOLATILITY_BULLISH,HARD_REJECTED
2026-07-27 11:16:30,23932,CALL,55,PUT,23943.5,13.3,LOW_VOLATILITY_BULLISH,HARD_REJECTED
2026-07-27 11:16:31,23932.25,CALL,55,PUT,23943.5,13.31,LOW_VOLATILITY_BULLISH,HARD_REJECTED
2026-07-27 11:16:32,23930.95,CALL,55,PUT,23943.5,13.31,LOW_VOLATILITY_BULLISH,HARD_REJECTED
2026-07-27 11:16:33,23930.7,CALL,55,PUT,23943.5,13.31,LOW_VOLATILITY_BULLISH,HARD_REJECTED
2026-07-27 11:16:34,23932.1,CALL,55,PUT,23943.5,13.3,LOW_VOLATILITY_BULLISH,HARD_REJECTED
2026-07-27 11:16:35,23931.4,CALL,55,PUT,23943.5,13.3,LOW_VOLATILITY_BULLISH,HARD_REJECTED
2026-07-27 11:16:37,23931.75,CALL,55,PUT,23943.5,13.3,LOW_VOLATILITY_BULLISH,HARD_REJECTED
2026-07-27 11:16:38,23931.75,CALL,55,PUT,23943.5,13.29,LOW_VOLATILITY_BULLISH,HARD_REJECTED
2026-07-27 11:16:39,23930.85,CALL,55,PUT,23943.5,13.29,LOW_VOLATILITY_BULLISH,HARD_REJECTED
2026-07-27 11:16:40,23931.2,CALL,55,PUT,23943.5,13.29,LOW_VOLATILITY_BULLISH,HARD_REJECTED
2026-07-27 11:16:41,23932.55,CALL,55,PUT,23943.5,13.3,LOW_VOLATILITY_BULLISH,HARD_REJECTED
2026-07-27 11:16:42,23932.7,CALL,55,PUT,23943.5,13.3,LOW_VOLATILITY_BULLISH,HARD_REJECTED
2026-07-27 11:16:43,23931.95,CALL,55,PUT,23943.5,13.3,LOW_VOLATILITY_BULLISH,HARD_REJECTED
2026-07-27 11:16:44,23931.4,CALL,55,PUT,23943.5,13.3,LOW_VOLATILITY_BULLISH,HARD_REJECTED
2026-07-27 11:16:45,23932.15,CALL,55,PUT,23943.5,13.3,LOW_VOLATILITY_BULLISH,HARD_REJECTED
2026-07-27 11:16:46,23931.4,CALL,55,PUT,23943.5,13.3,LOW_VOLATILITY_BULLISH,HARD_REJECTED
2026-07-27 11:16:48,23932.8,CALL,55,PUT,23943.5,13.31,LOW_VOLATILITY_BULLISH,HARD_REJECTED
2026-07-27 11:16:49,23932.65,CALL,55,PUT,23943.5,13.31,LOW_VOLATILITY_BULLISH,HARD_REJECTED
2026-07-27 11:16:50,23932.15,CALL,55,PUT,23943.5,13.31,LOW_VOLATILITY_BULLISH,HARD_REJECTED
2026-07-27 11:16:51,23932.05,CALL,55,PUT,23943.5,13.31,LOW_VOLATILITY_BULLISH,HARD_REJECTED
2026-07-27 11:16:52,23932.9,CALL,55,PUT,23943.5,13.31,LOW_VOLATILITY_BULLISH,HARD_REJECTED
2026-07-27 11:16:53,23931.8,CALL,55,PUT,23943.5,13.3,LOW_VOLATILITY_BULLISH,HARD_REJECTED
2026-07-27 11:16:54,23931.75,CALL,55,PUT,23943.5,13.31,LOW_VOLATILITY_BULLISH,HARD_REJECTED
2026-07-27 11:16:55,23930.55,CALL,55,PUT,23943.5,13.31,LOW_VOLATILITY_BULLISH,HARD_REJECTED
2026-07-27 11:16:56,23931.3,CALL,55,PUT,23943.5,13.31,LOW_VOLATILITY_BULLISH,HARD_REJECTED
2026-07-27 11:16:57,23930.75,CALL,55,PUT,23943.5,13.31,LOW_VOLATILITY_BULLISH,HARD_REJECTED
2026-07-27 11:16:58,23930.65,CALL,55,PUT,23943.5,13.31,LOW_VOLATILITY_BULLISH,HARD_REJECTED
2026-07-27 11:17:00,23930.9,CALL,55,PUT,23943.5,13.31,LOW_VOLATILITY_BULLISH,HARD_REJECTED
2026-07-27 11:17:01,23930.8,CALL,55,PUT,23943.5,13.31,LOW_VOLATILITY_BULLISH,HARD_REJECTED
2026-07-27 11:17:02,23929.95,CALL,55,PUT,23943.5,13.31,LOW_VOLATILITY_BULLISH,HARD_REJECTED
2026-07-27 11:17:03,23930.2,CALL,55,PUT,23943.5,13.3,LOW_VOLATILITY_BULLISH,HARD_REJECTED
2026-07-27 11:17:04,23929.5,CALL,55,PUT,23943.5,13.3,LOW_VOLATILITY_BULLISH,HARD_REJECTED
2026-07-27 11:17:05,23929.4,CALL,55,PUT,23943.5,13.3,LOW_VOLATILITY_BULLISH,HARD_REJECTED
2026-07-27 11:17:06,23929.05,CALL,55,PUT,23943.5,13.3,LOW_VOLATILITY_BULLISH,HARD_REJECTED
2026-07-27 11:17:07,23929.4,CALL,55,PUT,23943.5,13.3,LOW_VOLATILITY_BULLISH,HARD_REJECTED
2026-07-27 11:17:08,23929.4,CALL,55,PUT,23943.5,13.3,LOW_VOLATILITY_BULLISH,HARD_REJECTED
2026-07-27 11:17:10,23929.35,CALL,55,PUT,23943.5,13.3,LOW_VOLATILITY_BULLISH,HARD_REJECTED
2026-07-27 11:17:11,23929.55,CALL,55,PUT,23943.5,13.3,LOW_VOLATILITY_BULLISH,HARD_REJECTED
2026-07-27 11:17:12,23928.95,CALL,55,PUT,23943.5,13.3,LOW_VOLATILITY_BULLISH,HARD_REJECTED
2026-07-27 11:17:13,23926.8,CALL,55,PUT,23943.5,13.3,LOW_VOLATILITY_BULLISH,HARD_REJECTED
2026-07-27 11:17:14,23927.95,CALL,55,PUT,23943.5,13.3,LOW_VOLATILITY_BULLISH,HARD_REJECTED
2026-07-27 11:17:15,23928.5,CALL,55,PUT,23943.5,13.3,LOW_VOLATILITY_BULLISH,HARD_REJECTED
2026-07-27 11:17:16,23928.7,CALL,55,PUT,23943.5,13.3,LOW_VOLATILITY_BULLISH,HARD_REJECTED
2026-07-27 11:17:17,23929.4,CALL,55,PUT,23943.5,13.3,LOW_VOLATILITY_BULLISH,HARD_REJECTED
2026-07-27 11:17:18,23928.6,CALL,55,PUT,23943.5,13.3,LOW_VOLATILITY_BULLISH,HARD_REJECTED
2026-07-27 11:17:19,23929.35,CALL,55,PUT,23943.5,13.3,LOW_VOLATILITY_BULLISH,HARD_REJECTED
2026-07-27 11:17:21,23930,CALL,55,PUT,23943.5,13.3,LOW_VOLATILITY_BULLISH,HARD_REJECTED
2026-07-27 11:17:22,23929.3,CALL,55,PUT,23943.5,13.3,LOW_VOLATILITY_BULLISH,HARD_REJECTED
2026-07-27 11:17:23,23929.4,CALL,55,PUT,23943.5,13.3,LOW_VOLATILITY_BULLISH,HARD_REJECTED
2026-07-27 11:17:24,23929.35,CALL,55,PUT,23943.5,13.3,LOW_VOLATILITY_BULLISH,HARD_REJECTED
2026-07-27 11:17:25,23928.8,CALL,55,PUT,23943.5,13.3,LOW_VOLATILITY_BULLISH,HARD_REJECTED
2026-07-27 11:17:26,23928.4,CALL,55,PUT,23943.5,13.3,LOW_VOLATILITY_BULLISH,HARD_REJECTED
2026-07-27 11:17:27,23929.05,CALL,55,PUT,23943.5,13.3,LOW_VOLATILITY_BULLISH,HARD_REJECTED
2026-07-27 11:17:28,23928.6,CALL,55,PUT,23943.5,13.3,LOW_VOLATILITY_BULLISH,HARD_REJECTED
2026-07-27 11:17:29,23929.55,CALL,55,PUT,23943.5,13.3,LOW_VOLATILITY_BULLISH,HARD_REJECTED
2026-07-27 11:17:31,23929.05,CALL,55,PUT,23943.5,13.3,LOW_VOLATILITY_BULLISH,HARD_REJECTED
2026-07-27 11:17:32,23929.5,CALL,55,PUT,23943.5,13.3,LOW_VOLATILITY_BULLISH,HARD_REJECTED
2026-07-27 11:17:33,23929.05,CALL,55,PUT,23943.5,13.3,LOW_VOLATILITY_BULLISH,HARD_REJECTED
2026-07-27 11:17:34,23929,CALL,55,PUT,23943.5,13.3,LOW_VOLATILITY_BULLISH,HARD_REJECTED
2026-07-27 11:17:35,23928.5,CALL,55,PUT,23943.5,13.3,LOW_VOLATILITY_BULLISH,HARD_REJECTED
2026-07-27 11:17:36,23928.4,CALL,55,PUT,23943.5,13.3,LOW_VOLATILITY_BULLISH,HARD_REJECTED
2026-07-27 11:17:37,23928.05,CALL,55,PUT,23943.5,13.3,LOW_VOLATILITY_BULLISH,HARD_REJECTED
2026-07-27 11:17:39,23928.35,CALL,55,PUT,23943.5,13.3,LOW_VOLATILITY_BULLISH,HARD_REJECTED
2026-07-27 11:17:40,23928.25,CALL,55,PUT,23943.5,13.3,LOW_VOLATILITY_BULLISH,HARD_REJECTED
2026-07-27 11:17:41,23928.45,CALL,55,PUT,23943.5,13.3,LOW_VOLATILITY_BULLISH,HARD_REJECTED
2026-07-27 11:17:42,23928,CALL,55,PUT,23943.5,13.3,LOW_VOLATILITY_BULLISH,HARD_REJECTED
2026-07-27 11:17:43,23928.4,CALL,55,PUT,23943.5,13.3,LOW_VOLATILITY_BULLISH,HARD_REJECTED
2026-07-27 11:17:44,23929.2,CALL,55,PUT,23943.5,13.3,LOW_VOLATILITY_BULLISH,HARD_REJECTED
2026-07-27 11:17:45,23929.1,CALL,55,PUT,23943.5,13.3,LOW_VOLATILITY_BULLISH,HARD_REJECTED
2026-07-27 11:17:46,23928.8,CALL,55,PUT,23943.5,13.3,LOW_VOLATILITY_BULLISH,HARD_REJECTED
2026-07-27 11:17:47,23930.25,CALL,55,PUT,23943.5,13.3,LOW_VOLATILITY_BULLISH,HARD_REJECTED
2026-07-27 11:17:48,23929.25,CALL,55,PUT,23943.5,13.3,LOW_VOLATILITY_BULLISH,HARD_REJECTED
2026-07-27 11:17:49,23928.55,CALL,55,PUT,23943.5,13.3,LOW_VOLATILITY_BULLISH,HARD_REJECTED
2026-07-27 11:17:51,23928.8,CALL,55,PUT,23943.5,13.3,LOW_VOLATILITY_BULLISH,HARD_REJECTED
2026-07-27 11:17:52,23928.3,CALL,55,PUT,23943.5,13.31,LOW_VOLATILITY_BULLISH,HARD_REJECTED
2026-07-27 11:17:53,23928.9,CALL,55,PUT,23943.5,13.31,LOW_VOLATILITY_BULLISH,HARD_REJECTED
2026-07-27 11:17:54,23930.55,CALL,55,PUT,23943.5,13.31,LOW_VOLATILITY_BULLISH,HARD_REJECTED
2026-07-27 11:17:55,23929.35,CALL,55,PUT,23943.5,13.31,LOW_VOLATILITY_BULLISH,HARD_REJECTED
2026-07-27 11:17:56,23931,CALL,55,PUT,23943.5,13.31,LOW_VOLATILITY_BULLISH,HARD_REJECTED
2026-07-27 11:17:57,23930.9,CALL,55,PUT,23943.5,13.31,LOW_VOLATILITY_BULLISH,HARD_REJECTED
2026-07-27 11:17:58,23930.8,CALL,55,PUT,23943.5,13.31,LOW_VOLATILITY_BULLISH,HARD_REJECTED
2026-07-27 11:17:59,23931.05,CALL,55,PUT,23943.5,13.31,LOW_VOLATILITY_BULLISH,HARD_REJECTED
2026-07-27 11:18:01,23931.4,CALL,55,PUT,23943.5,13.31,LOW_VOLATILITY_BULLISH,HARD_REJECTED
2026-07-27 11:18:02,23931.8,CALL,55,PUT,23943.5,13.31,LOW_VOLATILITY_BULLISH,HARD_REJECTED
2026-07-27 11:18:03,23930.5,CALL,55,PUT,23943.5,13.31,LOW_VOLATILITY_BULLISH,HARD_REJECTED
2026-07-27 11:18:04,23930.8,CALL,55,PUT,23943.5,13.31,LOW_VOLATILITY_BULLISH,HARD_REJECTED
2026-07-27 11:18:05,23931.3,CALL,55,PUT,23943.5,13.3,LOW_VOLATILITY_BULLISH,HARD_REJECTED
2026-07-27 11:18:06,23931.3,CALL,55,PUT,23943.5,13.31,LOW_VOLATILITY_BULLISH,HARD_REJECTED
2026-07-27 11:18:07,23930.25,CALL,55,PUT,23943.5,13.31,LOW_VOLATILITY_BULLISH,HARD_REJECTED
2026-07-27 11:18:08,23929.95,CALL,55,PUT,23943.5,13.3,LOW_VOLATILITY_BULLISH,HARD_REJECTED
2026-07-27 11:18:10,23930.6,CALL,55,PUT,23943.5,13.3,LOW_VOLATILITY_BULLISH,HARD_REJECTED
2026-07-27 11:18:11,23932.3,CALL,55,PUT,23943.5,13.3,LOW_VOLATILITY_BULLISH,HARD_REJECTED
2026-07-27 11:18:13,23931.55,CALL,55,PUT,23943.5,13.31,LOW_VOLATILITY_BULLISH,HARD_REJECTED
2026-07-27 11:18:14,23931.25,CALL,55,PUT,23943.5,13.31,LOW_VOLATILITY_BULLISH,HARD_REJECTED
2026-07-27 11:18:15,23931.75,CALL,55,PUT,23943.5,13.31,LOW_VOLATILITY_BULLISH,HARD_REJECTED
2026-07-27 11:18:16,23931.8,CALL,55,PUT,23943.5,13.31,LOW_VOLATILITY_BULLISH,HARD_REJECTED
2026-07-27 11:18:17,23931,CALL,55,PUT,23943.5,13.3,LOW_VOLATILITY_BULLISH,HARD_REJECTED
2026-07-27 11:18:18,23933.75,CALL,55,PUT,23943.5,13.3,LOW_VOLATILITY_BULLISH,HARD_REJECTED
2026-07-27 11:18:19,23933.45,CALL,55,PUT,23943.5,13.3,LOW_VOLATILITY_BULLISH,HARD_REJECTED
2026-07-27 11:18:21,23933.2,CALL,55,PUT,23943.5,13.3,LOW_VOLATILITY_BULLISH,HARD_REJECTED
2026-07-27 11:18:22,23933.3,CALL,55,PUT,23943.5,13.3,LOW_VOLATILITY_BULLISH,HARD_REJECTED
2026-07-27 11:18:23,23932.95,CALL,55,PUT,23943.5,13.3,LOW_VOLATILITY_BULLISH,HARD_REJECTED
2026-07-27 13:33:37,23950.15,CALL,30,PUT,23955.71,13.12,LOW_VOLATILITY_BULLISH,HARD_REJECTED
2026-07-27 13:33:39,23949.8,CALL,45,PUT,23955.71,13.12,LOW_VOLATILITY_BULLISH,HARD_REJECTED
2026-07-27 13:33:40,23949.05,CALL,45,PUT,23955.71,13.11,LOW_VOLATILITY_BULLISH,HARD_REJECTED
2026-07-27 13:33:41,23950.85,CALL,30,PUT,23955.71,13.12,LOW_VOLATILITY_BULLISH,HARD_REJECTED
2026-07-27 13:33:42,23950.05,CALL,30,PUT,23955.71,13.12,LOW_VOLATILITY_BULLISH,HARD_REJECTED
2026-07-27 13:33:43,23949.85,CALL,45,PUT,23955.71,13.12,LOW_VOLATILITY_BULLISH,HARD_REJECTED
2026-07-27 13:33:44,23949.35,CALL,45,PUT,23955.71,13.12,LOW_VOLATILITY_BULLISH,HARD_REJECTED
2026-07-27 13:33:45,23949.15,CALL,45,PUT,23955.71,13.12,LOW_VOLATILITY_BULLISH,HARD_REJECTED
2026-07-27 13:33:46,23950.8,CALL,30,PUT,23955.71,13.12,LOW_VOLATILITY_BULLISH,HARD_REJECTED
2026-07-27 13:33:47,23950.95,CALL,30,PUT,23955.71,13.12,LOW_VOLATILITY_BULLISH,HARD_REJECTED
2026-07-27 13:33:49,23950.85,CALL,30,PUT,23955.71,13.11,LOW_VOLATILITY_BULLISH,HARD_REJECTED
2026-07-27 13:33:50,23950.8,CALL,30,PUT,23955.71,13.11,LOW_VOLATILITY_BULLISH,HARD_REJECTED
2026-07-27 13:33:51,23950.7,CALL,30,PUT,23955.71,13.11,LOW_VOLATILITY_BULLISH,HARD_REJECTED
2026-07-27 13:33:52,23951.6,CALL,30,PUT,23955.71,13.11,LOW_VOLATILITY_BULLISH,HARD_REJECTED
2026-07-27 13:33:53,23951.6,CALL,30,PUT,23955.71,13.11,LOW_VOLATILITY_BULLISH,HARD_REJECTED
2026-07-27 13:33:54,23950.7,CALL,30,PUT,23955.71,13.12,LOW_VOLATILITY_BULLISH,HARD_REJECTED
2026-07-27 13:33:55,23949.7,CALL,45,PUT,23955.71,13.12,LOW_VOLATILITY_BULLISH,HARD_REJECTED
2026-07-27 13:33:57,23950.35,CALL,30,PUT,23955.71,13.12,LOW_VOLATILITY_BULLISH,HARD_REJECTED
2026-07-27 13:33:58,23951.2,CALL,30,PUT,23955.71,13.12,LOW_VOLATILITY_BULLISH,HARD_REJECTED
2026-07-27 13:33:59,23950.4,CALL,30,PUT,23955.71,13.12,LOW_VOLATILITY_BULLISH,HARD_REJECTED
2026-07-27 13:34:00,23951.1,CALL,30,PUT,23955.71,13.12,LOW_VOLATILITY_BULLISH,HARD_REJECTED
2026-07-27 13:34:01,23952.15,CALL,30,PUT,23955.71,13.12,LOW_VOLATILITY_BULLISH,HARD_REJECTED
2026-07-27 13:34:02,23950.65,CALL,30,PUT,23955.71,13.12,LOW_VOLATILITY_BULLISH,HARD_REJECTED
2026-07-27 13:34:03,23951.25,CALL,30,PUT,23955.71,13.12,LOW_VOLATILITY_BULLISH,HARD_REJECTED
2026-07-27 13:34:04,23951.8,CALL,30,PUT,23955.71,13.12,LOW_VOLATILITY_BULLISH,HARD_REJECTED
2026-07-27 13:34:05,23950.1,CALL,30,PUT,23955.71,13.11,LOW_VOLATILITY_BULLISH,HARD_REJECTED
2026-07-27 13:34:06,23950.75,CALL,30,PUT,23955.71,13.11,LOW_VOLATILITY_BULLISH,HARD_REJECTED
2026-07-27 13:34:08,23951.8,CALL,30,PUT,23955.71,13.12,LOW_VOLATILITY_BULLISH,HARD_REJECTED
2026-07-27 13:34:09,23951.75,CALL,30,PUT,23955.71,13.11,LOW_VOLATILITY_BULLISH,HARD_REJECTED
2026-07-27 13:34:10,23951.75,CALL,30,PUT,23955.71,13.11,LOW_VOLATILITY_BULLISH,HARD_REJECTED
2026-07-27 13:34:11,23951.8,CALL,30,PUT,23955.71,13.11,LOW_VOLATILITY_BULLISH,HARD_REJECTED
2026-07-27 13:34:12,23952.8,CALL,30,PUT,23955.71,13.11,LOW_VOLATILITY_BULLISH,HARD_REJECTED
2026-07-27 13:34:13,23952.3,CALL,30,PUT,23955.71,13.11,LOW_VOLATILITY_BULLISH,HARD_REJECTED
2026-07-27 13:34:14,23951.85,CALL,30,PUT,23955.71,13.11,LOW_VOLATILITY_BULLISH,HARD_REJECTED
2026-07-27 13:34:15,23951.8,CALL,30,PUT,23955.71,13.11,LOW_VOLATILITY_BULLISH,HARD_REJECTED
2026-07-27 13:34:16,23951.3,CALL,30,PUT,23955.71,13.11,LOW_VOLATILITY_BULLISH,HARD_REJECTED
2026-07-27 13:34:17,23950.55,CALL,30,PUT,23955.71,13.12,LOW_VOLATILITY_BULLISH,HARD_REJECTED
2026-07-27 13:34:18,23950.8,CALL,30,PUT,23955.71,13.11,LOW_VOLATILITY_BULLISH,HARD_REJECTED
2026-07-27 13:34:19,23949.8,CALL,45,PUT,23955.71,13.11,LOW_VOLATILITY_BULLISH,HARD_REJECTED
2026-07-27 13:34:21,23950.3,CALL,30,PUT,23955.71,13.11,LOW_VOLATILITY_BULLISH,HARD_REJECTED
2026-07-27 13:34:22,23950.55,CALL,30,PUT,23955.71,13.11,LOW_VOLATILITY_BULLISH,HARD_REJECTED
2026-07-27 13:34:23,23949.25,CALL,45,PUT,23955.71,13.09,LOW_VOLATILITY_BULLISH,HARD_REJECTED
2026-07-27 13:34:24,23950.6,CALL,30,PUT,23955.71,13.09,LOW_VOLATILITY_BULLISH,HARD_REJECTED
2026-07-27 13:34:25,23950.1,CALL,30,PUT,23955.71,13.08,LOW_VOLATILITY_BULLISH,HARD_REJECTED
2026-07-27 13:34:26,23950,CALL,30,PUT,23955.71,13.1,LOW_VOLATILITY_BULLISH,HARD_REJECTED
2026-07-27 13:34:27,23949.05,CALL,45,PUT,23955.71,13.1,LOW_VOLATILITY_BULLISH,HARD_REJECTED
2026-07-27 13:34:28,23949.75,CALL,45,PUT,23955.71,13.09,LOW_VOLATILITY_BULLISH,HARD_REJECTED
2026-07-27 13:34:29,23949.9,CALL,45,PUT,23955.71,13.09,LOW_VOLATILITY_BULLISH,HARD_REJECTED
2026-07-27 13:34:30,23948.55,CALL,45,PUT,23955.71,13.08,LOW_VOLATILITY_BULLISH,HARD_REJECTED
2026-07-27 13:34:32,23948.2,CALL,45,PUT,23955.71,13.08,LOW_VOLATILITY_BULLISH,HARD_REJECTED
2026-07-27 13:34:33,23948.35,CALL,45,PUT,23955.71,13.08,LOW_VOLATILITY_BULLISH,HARD_REJECTED
2026-07-27 13:34:34,23947.65,CALL,45,PUT,23955.71,13.07,LOW_VOLATILITY_BULLISH,HARD_REJECTED
2026-07-27 13:34:35,23947.35,CALL,45,PUT,23955.71,13.06,LOW_VOLATILITY_BULLISH,HARD_REJECTED
2026-07-27 13:34:36,23946.9,CALL,45,PUT,23955.71,13.08,LOW_VOLATILITY_BULLISH,HARD_REJECTED
2026-07-27 13:34:37,23947.45,CALL,45,PUT,23955.71,13.08,LOW_VOLATILITY_BULLISH,HARD_REJECTED
2026-07-27 13:34:38,23946.9,CALL,45,PUT,23955.71,13.08,LOW_VOLATILITY_BULLISH,HARD_REJECTED
2026-07-27 13:34:39,23945.85,CALL,45,PUT,23955.71,13.08,LOW_VOLATILITY_BULLISH,HARD_REJECTED
2026-07-27 13:34:40,23945.3,CALL,45,PUT,23955.71,13.07,LOW_VOLATILITY_BULLISH,HARD_REJECTED
2026-07-27 13:34:41,23945.8,CALL,45,PUT,23955.71,13.07,LOW_VOLATILITY_BULLISH,HARD_REJECTED
2026-07-27 13:34:43,23945.15,CALL,45,PUT,23955.71,13.08,LOW_VOLATILITY_BULLISH,HARD_REJECTED
2026-07-27 13:34:44,23945.55,CALL,45,PUT,23955.71,13.07,LOW_VOLATILITY_BULLISH,HARD_REJECTED
2026-07-27 13:34:45,23944.8,CALL,45,PUT,23955.71,13.08,LOW_VOLATILITY_BULLISH,HARD_REJECTED
2026-07-27 13:34:46,23944.95,CALL,45,PUT,23955.71,13.07,LOW_VOLATILITY_BULLISH,HARD_REJECTED
2026-07-27 13:34:47,23943.85,CALL,45,PUT,23955.71,13.07,LOW_VOLATILITY_BULLISH,HARD_REJECTED
2026-07-27 13:34:48,23944.3,CALL,45,PUT,23955.71,13.07,LOW_VOLATILITY_BULLISH,HARD_REJECTED
2026-07-27 13:34:49,23943.45,CALL,45,PUT,23955.71,13.07,LOW_VOLATILITY_BULLISH,HARD_REJECTED
2026-07-27 13:34:50,23944.5,CALL,45,PUT,23955.71,13.07,LOW_VOLATILITY_BULLISH,HARD_REJECTED
2026-07-27 13:34:51,23943.1,CALL,45,PUT,23955.71,13.07,LOW_VOLATILITY_BULLISH,HARD_REJECTED
2026-07-27 13:34:52,23942.6,CALL,45,PUT,23955.71,13.07,LOW_VOLATILITY_BULLISH,HARD_REJECTED
2026-07-27 13:34:54,23942.1,CALL,45,PUT,23955.71,13.06,LOW_VOLATILITY_BULLISH,HARD_REJECTED
2026-07-27 13:34:55,23942.85,CALL,45,PUT,23955.71,13.07,LOW_VOLATILITY_BULLISH,HARD_REJECTED
2026-07-27 13:34:56,23942.45,CALL,45,PUT,23955.71,13.07,LOW_VOLATILITY_BULLISH,HARD_REJECTED
2026-07-27 13:34:57,23940.75,CALL,45,PUT,23955.71,13.06,LOW_VOLATILITY_BULLISH,HARD_REJECTED
2026-07-27 13:34:58,23938.65,CALL,45,PUT,23955.71,13.09,LOW_VOLATILITY_BULLISH,HARD_REJECTED
2026-07-27 13:35:00,23939.2,CALL,45,PUT,23955.71,13.11,LOW_VOLATILITY_BULLISH,HARD_REJECTED
2026-07-27 13:35:01,23939.25,CALL,45,PUT,23955.71,13.1,LOW_VOLATILITY_BULLISH,HARD_REJECTED
2026-07-27 13:35:02,23938.55,CALL,45,PUT,23955.71,13.07,LOW_VOLATILITY_BULLISH,HARD_REJECTED
2026-07-27 13:35:03,23939.7,CALL,45,PUT,23955.71,13.07,LOW_VOLATILITY_BULLISH,HARD_REJECTED
2026-07-27 13:35:04,23938.35,CALL,45,PUT,23955.71,13.07,LOW_VOLATILITY_BULLISH,HARD_REJECTED
2026-07-27 13:35:05,23939.45,CALL,45,PUT,23955.71,13.07,LOW_VOLATILITY_BULLISH,HARD_REJECTED
2026-07-27 13:35:06,23939.5,CALL,45,PUT,23955.71,13.06,LOW_VOLATILITY_BULLISH,HARD_REJECTED
2026-07-27 13:35:07,23938.4,CALL,45,PUT,23955.71,13.06,LOW_VOLATILITY_BULLISH,HARD_REJECTED
2026-07-27 13:35:08,23939.15,CALL,45,PUT,23955.71,13.05,LOW_VOLATILITY_BULLISH,HARD_REJECTED
2026-07-27 13:35:09,23939.6,CALL,45,PUT,23955.71,13.04,LOW_VOLATILITY_BULLISH,HARD_REJECTED
2026-07-27 13:35:11,23939.7,CALL,45,PUT,23955.71,13.04,LOW_VOLATILITY_BULLISH,HARD_REJECTED
2026-07-27 13:35:12,23938.85,CALL,45,PUT,23955.71,13.05,LOW_VOLATILITY_BULLISH,HARD_REJECTED
2026-07-27 13:35:13,23939.85,CALL,45,PUT,23955.71,13.05,LOW_VOLATILITY_BULLISH,HARD_REJECTED
2026-07-27 13:35:14,23939.3,CALL,45,PUT,23955.71,13.05,LOW_VOLATILITY_BULLISH,HARD_REJECTED
2026-07-27 13:35:15,23938.35,CALL,45,PUT,23955.71,13.05,LOW_VOLATILITY_BULLISH,HARD_REJECTED
2026-07-27 13:35:16,23938.75,CALL,45,PUT,23955.71,13.04,LOW_VOLATILITY_BULLISH,HARD_REJECTED
2026-07-27 13:35:17,23938.15,CALL,45,PUT,23955.71,13.04,LOW_VOLATILITY_BULLISH,HARD_REJECTED
2026-07-27 13:35:18,23937.8,CALL,45,PUT,23955.71,13.05,LOW_VOLATILITY_BULLISH,HARD_REJECTED
2026-07-27 13:35:19,23938.25,CALL,45,PUT,23955.71,13.05,LOW_VOLATILITY_BULLISH,HARD_REJECTED
2026-07-27 13:35:20,23936.8,CALL,45,PUT,23955.71,13.05,LOW_VOLATILITY_BULLISH,HARD_REJECTED
2026-07-27 13:35:22,23937.95,CALL,45,PUT,23955.71,13.06,LOW_VOLATILITY_BULLISH,HARD_REJECTED
2026-07-27 13:35:23,23937.8,CALL,45,PUT,23955.71,13.06,LOW_VOLATILITY_BULLISH,HARD_REJECTED
2026-07-27 13:35:24,23938.25,CALL,45,PUT,23955.71,13.07,LOW_VOLATILITY_BULLISH,HARD_REJECTED
2026-07-27 13:35:25,23938.65,CALL,45,PUT,23955.71,13.07,LOW_VOLATILITY_BULLISH,HARD_REJECTED
2026-07-27 13:35:26,23938.55,CALL,45,PUT,23955.71,13.07,LOW_VOLATILITY_BULLISH,HARD_REJECTED
2026-07-27 13:35:27,23939.1,CALL,45,PUT,23955.71,13.09,LOW_VOLATILITY_BULLISH,HARD_REJECTED
2026-07-27 13:35:28,23937.8,CALL,45,PUT,23955.71,13.09,LOW_VOLATILITY_BULLISH,HARD_REJECTED
2026-07-27 13:35:30,23939.65,CALL,45,PUT,23955.71,13.09,LOW_VOLATILITY_BULLISH,HARD_REJECTED
2026-07-27 13:35:31,23938.6,CALL,45,PUT,23955.71,13.08,LOW_VOLATILITY_BULLISH,HARD_REJECTED
2026-07-27 13:35:32,23939.2,CALL,45,PUT,23955.71,13.07,LOW_VOLATILITY_BULLISH,HARD_REJECTED
2026-07-27 13:35:33,23938.45,CALL,45,PUT,23955.71,13.07,LOW_VOLATILITY_BULLISH,HARD_REJECTED
2026-07-27 13:35:34,23938.75,CALL,45,PUT,23955.71,13.08,LOW_VOLATILITY_BULLISH,HARD_REJECTED
2026-07-27 13:35:35,23938.15,CALL,45,PUT,23955.71,13.09,LOW_VOLATILITY_BULLISH,HARD_REJECTED
2026-07-27 13:35:36,23938.3,CALL,45,PUT,23955.71,13.09,LOW_VOLATILITY_BULLISH,HARD_REJECTED
2026-07-28 10:18:06,24006.1,PUT,15,CALL,23994.57,12.62,LOW_VOLATILITY_BEARISH,HARD_REJECTED
2026-07-28 10:19:06,24000.9,PUT,15,CALL,23994.57,12.6,LOW_VOLATILITY_BEARISH,HARD_REJECTED
2026-07-28 10:20:07,23996.25,PUT,30,CALL,23994.57,12.59,LOW_VOLATILITY_BEARISH,HARD_REJECTED
2026-07-28 10:33:10,23999.35,PUT,30,CALL,23994.42,12.64,LOW_VOLATILITY_BEARISH,HARD_REJECTED
2026-07-28 10:34:10,24005.35,PUT,30,CALL,23994.42,12.66,LOW_VOLATILITY_BEARISH,HARD_REJECTED
2026-07-28 10:35:10,24000.35,PUT,35,CALL,23994.42,12.68,LOW_VOLATILITY_BEARISH,HARD_REJECTED
2026-07-28 10:36:11,24000.4,PUT,30,CALL,23994.7,12.71,LOW_VOLATILITY_BEARISH,HARD_REJECTED
2026-07-28 10:37:11,24001,PUT,30,CALL,23994.7,12.7,LOW_VOLATILITY_BEARISH,HARD_REJECTED
2026-07-28 10:38:11,24005.5,PUT,30,CALL,23994.7,12.66,LOW_VOLATILITY_BEARISH,HARD_REJECTED
2026-07-28 11:13:18,24012.85,PUT,45,CALL,24001.46,12.62,LOW_VOLATILITY_BEARISH,HARD_REJECTED
2026-07-28 11:14:18,24013.95,PUT,45,CALL,24001.18,12.64,LOW_VOLATILITY_BULLISH,HARD_REJECTED
2026-07-28 11:31:22,24012.45,PUT,45,CALL,24003.85,12.65,LOW_VOLATILITY_BEARISH,HARD_REJECTED
2026-07-28 11:32:23,24008.4,PUT,45,CALL,24004.03,12.65,LOW_VOLATILITY_BEARISH,HARD_REJECTED
2026-07-28 11:33:23,24004.75,PUT,45,CALL,24004.03,12.66,LOW_VOLATILITY_BEARISH,HARD_REJECTED
2026-07-28 11:34:23,24005.2,PUT,45,CALL,24004.03,12.67,LOW_VOLATILITY_BEARISH,HARD_REJECTED
2026-07-28 11:38:24,24005.2,PUT,30,CALL,24003.92,12.65,LOW_VOLATILITY_BEARISH,HARD_REJECTED
2026-07-28 11:39:24,24008,PUT,35,CALL,24003.92,12.64,LOW_VOLATILITY_BEARISH,HARD_REJECTED
2026-07-28 11:40:25,24010.4,PUT,35,CALL,24003.92,12.64,LOW_VOLATILITY_BEARISH,HARD_REJECTED
2026-07-28 11:41:25,24014.1,PUT,45,CALL,24004.61,12.58,LOW_VOLATILITY_BEARISH,HARD_REJECTED
2026-07-28 11:42:25,24016.4,PUT,45,CALL,24004.61,12.59,LOW_VOLATILITY_BULLISH,HARD_REJECTED
2026-07-28 11:55:27,24014.3,PUT,45,CALL,24006.89,12.55,LOW_VOLATILITY_BEARISH,HARD_REJECTED
2026-07-28 11:56:28,24007.1,PUT,45,CALL,24006.26,12.55,LOW_VOLATILITY_BEARISH,HARD_REJECTED
2026-07-28 11:57:28,24007.25,PUT,45,CALL,24006.26,12.52,LOW_VOLATILITY_BEARISH,HARD_REJECTED
2026-07-28 11:58:28,24011.6,PUT,50,CALL,24006.26,12.52,LOW_VOLATILITY_BEARISH,HARD_REJECTED
2026-07-28 11:59:28,24012.1,PUT,50,CALL,24006.85,12.52,LOW_VOLATILITY_BEARISH,HARD_REJECTED
2026-07-28 12:00:29,24011.5,PUT,50,CALL,24006.85,12.52,LOW_VOLATILITY_BEARISH,HARD_REJECTED
2026-07-28 12:01:29,24007,PUT,45,CALL,24006.85,12.52,LOW_VOLATILITY_BEARISH,HARD_REJECTED
2026-07-28 12:02:29,24003.95,PUT,45,CALL,24006.14,12.54,LOW_VOLATILITY_BEARISH,HARD_REJECTED
2026-07-28 12:03:29,24006.7,PUT,45,CALL,24006.14,12.53,LOW_VOLATILITY_BEARISH,HARD_REJECTED
2026-07-28 12:04:29,24007.65,PUT,45,CALL,24006.14,12.54,LOW_VOLATILITY_BEARISH,HARD_REJECTED
2026-07-28 12:05:29,24010.65,PUT,45,CALL,24006.29,12.52,LOW_VOLATILITY_BEARISH,HARD_REJECTED
2026-07-28 12:06:30,24018.85,PUT,50,CALL,24006.29,12.52,LOW_VOLATILITY_BULLISH,HARD_REJECTED
2026-07-28 12:21:34,24012.8,PUT,45,CALL,24009.4,12.54,LOW_VOLATILITY_BEARISH,HARD_REJECTED
2026-07-28 12:22:34,24014.4,PUT,45,CALL,24009.4,12.52,LOW_VOLATILITY_BULLISH,HARD_REJECTED
2026-07-28 12:37:37,24014,PUT,55,CALL,24009.6,12.54,LOW_VOLATILITY_BEARISH,HARD_REJECTED
2026-07-28 12:38:37,24017.5,PUT,55,CALL,24009.69,12.53,LOW_VOLATILITY_BULLISH,HARD_REJECTED
2026-07-28 12:51:40,24013.65,PUT,55,CALL,24009.79,12.6,LOW_VOLATILITY_BEARISH,HARD_REJECTED
2026-07-28 12:52:40,24013.45,PUT,55,CALL,24009.79,12.6,LOW_VOLATILITY_BEARISH,HARD_REJECTED
2026-07-28 12:53:40,24013.4,PUT,55,CALL,24009.72,12.59,LOW_VOLATILITY_BEARISH,HARD_REJECTED
2026-07-28 12:54:41,24011.4,PUT,55,CALL,24009.72,12.58,LOW_VOLATILITY_BEARISH,HARD_REJECTED
2026-07-28 12:55:41,24013.25,PUT,55,CALL,24009.72,12.58,LOW_VOLATILITY_BEARISH,HARD_REJECTED
2026-07-28 12:56:41,24014.75,PUT,55,CALL,24009.78,12.58,LOW_VOLATILITY_BEARISH,HARD_REJECTED
2026-07-28 12:59:41,24006.55,PUT,55,CALL,24009.57,12.57,LOW_VOLATILITY_BEARISH,HARD_REJECTED
2026-07-28 13:00:42,24004.45,PUT,40,CALL,24009.57,12.57,LOW_VOLATILITY_BEARISH,HARD_REJECTED
2026-07-28 13:01:42,24004.05,PUT,40,CALL,24009.57,12.6,LOW_VOLATILITY_BEARISH,HARD_REJECTED
2026-07-29 12:21:16,24231.95,PUT,25,CALL,24280.34,12.05,LOW_VOLATILITY,HARD_REJECTED
2026-07-29 12:52:18,24217.7,CALL,45,PUT,24280.47,12.06,LOW_VOLATILITY_BULLISH,HARD_REJECTED
2026-07-29 12:53:19,24222.1,CALL,45,PUT,24280.47,12.06,LOW_VOLATILITY_BULLISH,HARD_REJECTED
2026-07-29 12:54:19,24225.85,CALL,45,PUT,24280.47,12.05,LOW_VOLATILITY_BULLISH,HARD_REJECTED
